2025-11-12 09:34:24 - kafka.conn - INFO - <BrokerConnection client_id=kafka-python-producer-1, node_id=bootstrap-0 host=localhost:9092 <connecting> [IPv6 ('::1', 9092, 0, 0)]>: connecting to localhost:9092 [('::1', 9092, 0, 0) IPv6]
2025-11-12 09:34:24 - kafka.conn - INFO - <BrokerConnection client_id=kafka-python-producer-1, node_id=bootstrap-0 host=localhost:9092 <checking_api_versions_recv> [IPv6 ('::1', 9092, 0, 0)]>: Broker version identified as 2.6
2025-11-12 09:34:24 - kafka.conn - INFO - <BrokerConnection client_id=kafka-python-producer-1, node_id=bootstrap-0 host=localhost:9092 <connected> [IPv6 ('::1', 9092, 0, 0)]>: Connection complete.
2025-11-12 09:34:24 - clients.kafka_client - INFO - Successfully connected to Kafka brokers at ['localhost:9092']
2025-11-12 09:34:24 - __main__ - INFO - 🧪 Running in MOCK mode - Loading from CSV
2025-11-12 09:34:24 - __main__ - INFO - ============================================================
2025-11-12 09:34:24 - __main__ - INFO - 🚀 STARTING PRODUCER - MOCK MODE
2025-11-12 09:34:24 - __main__ - INFO - ============================================================
2025-11-12 09:34:24 - loaders.csv_loader - INFO - Reading CSV file: /home/giakiet05/programming/projects/tiktok-trend-detector/data/dataset_tiktok-scraper_2025-10-28_02-55-46-512.csv
2025-11-12 09:34:24 - loaders.csv_loader - INFO - Parsed 5 videos...
2025-11-12 09:34:24 - loaders.csv_loader - INFO - Parsed 10 videos...
2025-11-12 09:34:24 - loaders.csv_loader - INFO - Successfully loaded 10 videos from CSV
2025-11-12 09:34:24 - __main__ - INFO - 📦 Will send 10 videos to Kafka topic: tiktok-raw-data
2025-11-12 09:34:25 - kafka.conn - INFO - <BrokerConnection client_id=kafka-python-producer-1, node_id=1 host=localhost:9092 <connecting> [IPv6 ('::1', 9092, 0, 0)]>: connecting to localhost:9092 [('::1', 9092, 0, 0) IPv6]
2025-11-12 09:34:25 - kafka.conn - INFO - <BrokerConnection client_id=kafka-python-producer-1, node_id=1 host=localhost:9092 <connected> [IPv6 ('::1', 9092, 0, 0)]>: Connection complete.
2025-11-12 09:34:25 - kafka.conn - INFO - <BrokerConnection client_id=kafka-python-producer-1, node_id=bootstrap-0 host=localhost:9092 <connected> [IPv6 ('::1', 9092, 0, 0)]>: Closing connection. 
2025-11-12 09:34:25 - __main__ - INFO - ✅ [1/10] Sent video: 7498288274008575250
2025-11-12 09:34:26 - __main__ - INFO - ✅ [2/10] Sent video: 7565834865657105684
2025-11-12 09:34:27 - __main__ - INFO - ✅ [3/10] Sent video: 7540140934764449042
2025-11-12 09:34:28 - __main__ - INFO - ✅ [4/10] Sent video: 7564283447565438228
2025-11-12 09:34:29 - __main__ - INFO - ✅ [5/10] Sent video: 7563615273245232405
2025-11-12 09:34:30 - __main__ - INFO - ✅ [6/10] Sent video: 7564002872845815048
2025-11-12 09:34:31 - __main__ - INFO - ✅ [7/10] Sent video: 7551295195191446801
2025-11-12 09:34:32 - __main__ - INFO - ✅ [8/10] Sent video: 7564652065826376981
2025-11-12 09:34:33 - __main__ - INFO - ✅ [9/10] Sent video: 7565386907572604181
2025-11-12 09:34:34 - __main__ - INFO - ✅ [10/10] Sent video: 7564264750364790036
2025-11-12 09:34:34 - __main__ - INFO - ============================================================
2025-11-12 09:34:34 - __main__ - INFO - 🎉 COMPLETED: 10/10 videos sent successfully
2025-11-12 09:34:34 - __main__ - INFO - ============================================================
2025-11-12 09:34:34 - clients.kafka_client - INFO - Flushing remaining messages and closing Kafka producer...
2025-11-12 09:34:34 - kafka.producer.kafka - INFO - <KafkaProducer client_id=kafka-python-producer-1 transactional_id=None>: Closing the Kafka producer with 9223372036.0 secs timeout.
2025-11-12 09:34:34 - kafka.conn - INFO - <BrokerConnection client_id=kafka-python-producer-1, node_id=1 host=localhost:9092 <connected> [IPv6 ('::1', 9092, 0, 0)]>: Closing connection. 
2025-11-12 09:34:34 - clients.kafka_client - INFO - Kafka producer closed successfully
2025-11-12 10:20:00 - kafka.conn - INFO - <BrokerConnection client_id=kafka-python-producer-1, node_id=bootstrap-0 host=localhost:9092 <connecting> [IPv6 ('::1', 9092, 0, 0)]>: connecting to localhost:9092 [('::1', 9092, 0, 0) IPv6]
2025-11-12 10:20:00 - kafka.conn - INFO - <BrokerConnection client_id=kafka-python-producer-1, node_id=bootstrap-0 host=localhost:9092 <checking_api_versions_recv> [IPv6 ('::1', 9092, 0, 0)]>: Broker version identified as 2.6
2025-11-12 10:20:00 - kafka.conn - INFO - <BrokerConnection client_id=kafka-python-producer-1, node_id=bootstrap-0 host=localhost:9092 <connected> [IPv6 ('::1', 9092, 0, 0)]>: Connection complete.
2025-11-12 10:20:00 - clients.kafka_client - INFO - Successfully connected to Kafka brokers at ['localhost:9092']
2025-11-12 10:20:00 - __main__ - INFO - 🧪 Running in MOCK mode - Loading from CSV
2025-11-12 10:20:00 - __main__ - INFO - ============================================================
2025-11-12 10:20:00 - __main__ - INFO - 🚀 STARTING PRODUCER - MOCK MODE
2025-11-12 10:20:00 - __main__ - INFO - ============================================================
2025-11-12 10:20:00 - loaders.csv_loader - INFO - Reading CSV file: /home/giakiet05/programming/projects/tiktok-trend-detector/data/dataset_tiktok-scraper_2025-10-28_02-55-46-512.csv
2025-11-12 10:20:00 - loaders.csv_loader - INFO - Parsed 5 videos...
2025-11-12 10:20:00 - loaders.csv_loader - INFO - Parsed 10 videos...
2025-11-12 10:20:00 - loaders.csv_loader - INFO - Successfully loaded 10 videos from CSV
2025-11-12 10:20:00 - __main__ - INFO - 📦 Will send 10 videos to Kafka topic: tiktok-raw-data
2025-11-12 10:20:01 - kafka.conn - INFO - <BrokerConnection client_id=kafka-python-producer-1, node_id=1 host=localhost:9092 <connecting> [IPv6 ('::1', 9092, 0, 0)]>: connecting to localhost:9092 [('::1', 9092, 0, 0) IPv6]
2025-11-12 10:20:01 - kafka.conn - INFO - <BrokerConnection client_id=kafka-python-producer-1, node_id=1 host=localhost:9092 <connected> [IPv6 ('::1', 9092, 0, 0)]>: Connection complete.
2025-11-12 10:20:01 - kafka.conn - INFO - <BrokerConnection client_id=kafka-python-producer-1, node_id=bootstrap-0 host=localhost:9092 <connected> [IPv6 ('::1', 9092, 0, 0)]>: Closing connection. 
2025-11-12 10:20:01 - __main__ - INFO - ✅ [1/10] Sent video: 7498288274008575250
2025-11-12 10:20:02 - __main__ - INFO - ✅ [2/10] Sent video: 7565834865657105684
2025-11-12 10:20:03 - __main__ - INFO - ✅ [3/10] Sent video: 7540140934764449042
2025-11-12 10:20:04 - __main__ - INFO - ✅ [4/10] Sent video: 7564283447565438228
2025-11-12 10:20:05 - __main__ - INFO - ✅ [5/10] Sent video: 7563615273245232405
2025-11-12 10:20:06 - __main__ - INFO - ✅ [6/10] Sent video: 7564002872845815048
2025-11-12 10:20:07 - __main__ - INFO - ✅ [7/10] Sent video: 7551295195191446801
2025-11-12 10:20:08 - __main__ - INFO - ✅ [8/10] Sent video: 7564652065826376981
2025-11-12 10:20:09 - __main__ - INFO - ✅ [9/10] Sent video: 7565386907572604181
2025-11-12 10:20:10 - __main__ - INFO - ✅ [10/10] Sent video: 7564264750364790036
2025-11-12 10:20:10 - __main__ - INFO - ============================================================
2025-11-12 10:20:10 - __main__ - INFO - 🎉 COMPLETED: 10/10 videos sent successfully
2025-11-12 10:20:10 - __main__ - INFO - ============================================================
2025-11-12 10:20:10 - clients.kafka_client - INFO - Flushing remaining messages and closing Kafka producer...
2025-11-12 10:20:10 - kafka.producer.kafka - INFO - <KafkaProducer client_id=kafka-python-producer-1 transactional_id=None>: Closing the Kafka producer with 9223372036.0 secs timeout.
2025-11-12 10:20:10 - kafka.conn - INFO - <BrokerConnection client_id=kafka-python-producer-1, node_id=1 host=localhost:9092 <connected> [IPv6 ('::1', 9092, 0, 0)]>: Closing connection. 
2025-11-12 10:20:10 - clients.kafka_client - INFO - Kafka producer closed successfully
2025-11-16 20:32:31 - kafka.conn - INFO - <BrokerConnection client_id=kafka-python-producer-1, node_id=bootstrap-0 host=localhost:9092 <connecting> [IPv6 ('::1', 9092, 0, 0)]>: connecting to localhost:9092 [('::1', 9092, 0, 0) IPv6]
2025-11-16 20:32:31 - kafka.conn - ERROR - <BrokerConnection client_id=kafka-python-producer-1, node_id=bootstrap-0 host=localhost:9092 <connecting> [IPv6 ('::1', 9092, 0, 0)]>: Connect attempt returned error 111. Disconnecting.
2025-11-16 20:32:31 - kafka.conn - ERROR - <BrokerConnection client_id=kafka-python-producer-1, node_id=bootstrap-0 host=localhost:9092 <connecting> [IPv6 ('::1', 9092, 0, 0)]>: Closing connection. KafkaConnectionError: 111 ECONNREFUSED
2025-11-16 20:32:31 - kafka.conn - INFO - <BrokerConnection client_id=kafka-python-producer-1, node_id=bootstrap-0 host=localhost:9092 <connecting> [IPv4 ('127.0.0.1', 9092)]>: connecting to localhost:9092 [('127.0.0.1', 9092) IPv4]
2025-11-16 20:32:31 - kafka.conn - ERROR - <BrokerConnection client_id=kafka-python-producer-1, node_id=bootstrap-0 host=localhost:9092 <connecting> [IPv4 ('127.0.0.1', 9092)]>: Connect attempt returned error 111. Disconnecting.
2025-11-16 20:32:31 - kafka.conn - ERROR - <BrokerConnection client_id=kafka-python-producer-1, node_id=bootstrap-0 host=localhost:9092 <connecting> [IPv4 ('127.0.0.1', 9092)]>: Closing connection. KafkaConnectionError: 111 ECONNREFUSED
2025-11-16 20:32:31 - kafka.client - WARNING - No node available during check_version; sleeping 0.04 secs
2025-11-16 20:32:31 - kafka.conn - INFO - <BrokerConnection client_id=kafka-python-producer-1, node_id=bootstrap-0 host=localhost:9092 <connecting> [IPv6 ('::1', 9092, 0, 0)]>: connecting to localhost:9092 [('::1', 9092, 0, 0) IPv6]
2025-11-16 20:32:31 - kafka.conn - ERROR - <BrokerConnection client_id=kafka-python-producer-1, node_id=bootstrap-0 host=localhost:9092 <connecting> [IPv6 ('::1', 9092, 0, 0)]>: Connect attempt returned error 111. Disconnecting.
2025-11-16 20:32:31 - kafka.conn - ERROR - <BrokerConnection client_id=kafka-python-producer-1, node_id=bootstrap-0 host=localhost:9092 <connecting> [IPv6 ('::1', 9092, 0, 0)]>: Closing connection. KafkaConnectionError: 111 ECONNREFUSED
2025-11-16 20:32:31 - kafka.conn - INFO - <BrokerConnection client_id=kafka-python-producer-1, node_id=bootstrap-0 host=localhost:9092 <connecting> [IPv4 ('127.0.0.1', 9092)]>: connecting to localhost:9092 [('127.0.0.1', 9092) IPv4]
2025-11-16 20:32:31 - kafka.conn - ERROR - <BrokerConnection client_id=kafka-python-producer-1, node_id=bootstrap-0 host=localhost:9092 <connecting> [IPv4 ('127.0.0.1', 9092)]>: Connect attempt returned error 111. Disconnecting.
2025-11-16 20:32:31 - kafka.conn - ERROR - <BrokerConnection client_id=kafka-python-producer-1, node_id=bootstrap-0 host=localhost:9092 <connecting> [IPv4 ('127.0.0.1', 9092)]>: Closing connection. KafkaConnectionError: 111 ECONNREFUSED
2025-11-16 20:32:31 - kafka.client - WARNING - No node available during check_version; sleeping 0.08 secs
2025-11-16 20:32:32 - kafka.conn - INFO - <BrokerConnection client_id=kafka-python-producer-1, node_id=bootstrap-0 host=localhost:9092 <connecting> [IPv6 ('::1', 9092, 0, 0)]>: connecting to localhost:9092 [('::1', 9092, 0, 0) IPv6]
2025-11-16 20:32:32 - kafka.conn - ERROR - <BrokerConnection client_id=kafka-python-producer-1, node_id=bootstrap-0 host=localhost:9092 <connecting> [IPv6 ('::1', 9092, 0, 0)]>: Connect attempt returned error 111. Disconnecting.
2025-11-16 20:32:32 - kafka.conn - ERROR - <BrokerConnection client_id=kafka-python-producer-1, node_id=bootstrap-0 host=localhost:9092 <connecting> [IPv6 ('::1', 9092, 0, 0)]>: Closing connection. KafkaConnectionError: 111 ECONNREFUSED
2025-11-16 20:32:32 - kafka.conn - INFO - <BrokerConnection client_id=kafka-python-producer-1, node_id=bootstrap-0 host=localhost:9092 <connecting> [IPv4 ('127.0.0.1', 9092)]>: connecting to localhost:9092 [('127.0.0.1', 9092) IPv4]
2025-11-16 20:32:32 - kafka.conn - ERROR - <BrokerConnection client_id=kafka-python-producer-1, node_id=bootstrap-0 host=localhost:9092 <connecting> [IPv4 ('127.0.0.1', 9092)]>: Connect attempt returned error 111. Disconnecting.
2025-11-16 20:32:32 - kafka.conn - ERROR - <BrokerConnection client_id=kafka-python-producer-1, node_id=bootstrap-0 host=localhost:9092 <connecting> [IPv4 ('127.0.0.1', 9092)]>: Closing connection. KafkaConnectionError: 111 ECONNREFUSED
2025-11-16 20:32:32 - kafka.client - WARNING - No node available during check_version; sleeping 0.24 secs
2025-11-16 20:32:32 - kafka.conn - INFO - <BrokerConnection client_id=kafka-python-producer-1, node_id=bootstrap-0 host=localhost:9092 <connecting> [IPv6 ('::1', 9092, 0, 0)]>: connecting to localhost:9092 [('::1', 9092, 0, 0) IPv6]
2025-11-16 20:32:32 - kafka.conn - ERROR - <BrokerConnection client_id=kafka-python-producer-1, node_id=bootstrap-0 host=localhost:9092 <connecting> [IPv6 ('::1', 9092, 0, 0)]>: Connect attempt returned error 111. Disconnecting.
2025-11-16 20:32:32 - kafka.conn - ERROR - <BrokerConnection client_id=kafka-python-producer-1, node_id=bootstrap-0 host=localhost:9092 <connecting> [IPv6 ('::1', 9092, 0, 0)]>: Closing connection. KafkaConnectionError: 111 ECONNREFUSED
2025-11-16 20:32:32 - kafka.conn - INFO - <BrokerConnection client_id=kafka-python-producer-1, node_id=bootstrap-0 host=localhost:9092 <connecting> [IPv4 ('127.0.0.1', 9092)]>: connecting to localhost:9092 [('127.0.0.1', 9092) IPv4]
2025-11-16 20:32:32 - kafka.conn - ERROR - <BrokerConnection client_id=kafka-python-producer-1, node_id=bootstrap-0 host=localhost:9092 <connecting> [IPv4 ('127.0.0.1', 9092)]>: Connect attempt returned error 111. Disconnecting.
2025-11-16 20:32:32 - kafka.conn - ERROR - <BrokerConnection client_id=kafka-python-producer-1, node_id=bootstrap-0 host=localhost:9092 <connecting> [IPv4 ('127.0.0.1', 9092)]>: Closing connection. KafkaConnectionError: 111 ECONNREFUSED
2025-11-16 20:32:32 - kafka.client - WARNING - No node available during check_version; sleeping 0.33 secs
2025-11-16 20:32:32 - kafka.conn - INFO - <BrokerConnection client_id=kafka-python-producer-1, node_id=bootstrap-0 host=localhost:9092 <connecting> [IPv6 ('::1', 9092, 0, 0)]>: connecting to localhost:9092 [('::1', 9092, 0, 0) IPv6]
2025-11-16 20:32:32 - kafka.conn - ERROR - <BrokerConnection client_id=kafka-python-producer-1, node_id=bootstrap-0 host=localhost:9092 <connecting> [IPv6 ('::1', 9092, 0, 0)]>: Connect attempt returned error 111. Disconnecting.
2025-11-16 20:32:32 - kafka.conn - ERROR - <BrokerConnection client_id=kafka-python-producer-1, node_id=bootstrap-0 host=localhost:9092 <connecting> [IPv6 ('::1', 9092, 0, 0)]>: Closing connection. KafkaConnectionError: 111 ECONNREFUSED
2025-11-16 20:32:32 - kafka.conn - INFO - <BrokerConnection client_id=kafka-python-producer-1, node_id=bootstrap-0 host=localhost:9092 <connecting> [IPv4 ('127.0.0.1', 9092)]>: connecting to localhost:9092 [('127.0.0.1', 9092) IPv4]
2025-11-16 20:32:32 - kafka.conn - ERROR - <BrokerConnection client_id=kafka-python-producer-1, node_id=bootstrap-0 host=localhost:9092 <connecting> [IPv4 ('127.0.0.1', 9092)]>: Connect attempt returned error 111. Disconnecting.
2025-11-16 20:32:32 - kafka.conn - ERROR - <BrokerConnection client_id=kafka-python-producer-1, node_id=bootstrap-0 host=localhost:9092 <connecting> [IPv4 ('127.0.0.1', 9092)]>: Closing connection. KafkaConnectionError: 111 ECONNREFUSED
2025-11-16 20:32:32 - kafka.client - WARNING - No node available during check_version; sleeping 0.72 secs
2025-11-16 20:32:33 - kafka.conn - INFO - <BrokerConnection client_id=kafka-python-producer-1, node_id=bootstrap-0 host=localhost:9092 <connecting> [IPv6 ('::1', 9092, 0, 0)]>: connecting to localhost:9092 [('::1', 9092, 0, 0) IPv6]
2025-11-16 20:32:33 - kafka.conn - ERROR - <BrokerConnection client_id=kafka-python-producer-1, node_id=bootstrap-0 host=localhost:9092 <connecting> [IPv6 ('::1', 9092, 0, 0)]>: Connect attempt returned error 111. Disconnecting.
2025-11-16 20:32:33 - kafka.conn - ERROR - <BrokerConnection client_id=kafka-python-producer-1, node_id=bootstrap-0 host=localhost:9092 <connecting> [IPv6 ('::1', 9092, 0, 0)]>: Closing connection. KafkaConnectionError: 111 ECONNREFUSED
2025-11-16 20:32:33 - kafka.conn - INFO - <BrokerConnection client_id=kafka-python-producer-1, node_id=bootstrap-0 host=localhost:9092 <connecting> [IPv4 ('127.0.0.1', 9092)]>: connecting to localhost:9092 [('127.0.0.1', 9092) IPv4]
2025-11-16 20:32:33 - kafka.conn - ERROR - <BrokerConnection client_id=kafka-python-producer-1, node_id=bootstrap-0 host=localhost:9092 <connecting> [IPv4 ('127.0.0.1', 9092)]>: Connect attempt returned error 111. Disconnecting.
2025-11-16 20:32:33 - kafka.conn - ERROR - <BrokerConnection client_id=kafka-python-producer-1, node_id=bootstrap-0 host=localhost:9092 <connecting> [IPv4 ('127.0.0.1', 9092)]>: Closing connection. KafkaConnectionError: 111 ECONNREFUSED
2025-11-16 20:32:33 - kafka.client - WARNING - No node available during check_version; sleeping 0.58 secs
2025-11-16 20:32:33 - clients.kafka_client - ERROR - Failed to initialize Kafka Producer: NoBrokersAvailable
Traceback (most recent call last):
  File "/home/giakiet05/programming/projects/tiktok-trend-detector/producer/clients/kafka_client.py", line 20, in __init__
    self.producer = KafkaProducer(
                    ~~~~~~~~~~~~~^
        bootstrap_servers=bootstrap_servers,
        ^^^^^^^^^^^^^^^^^^^^^^^^^^^^^^^^^^^^
    ...<5 lines>...
        retry_backoff_ms=1000    # Wait 1 second between retries
        ^^^^^^^^^^^^^^^^^^^^^^^^^^^^^^^^^^^^^^^^^^^^^^^^^^^^^^^^
    )
    ^
  File "/home/giakiet05/programming/projects/tiktok-trend-detector/.venv/lib/python3.13/site-packages/kafka/producer/kafka.py", line 481, in __init__
    client = self.config['kafka_client'](
        metrics=self._metrics, metric_group_prefix='producer',
        wakeup_timeout_ms=self.config['max_block_ms'],
        **self.config)
  File "/home/giakiet05/programming/projects/tiktok-trend-detector/.venv/lib/python3.13/site-packages/kafka/client_async.py", line 262, in __init__
    self.config['api_version'] = self.check_version()
                                 ~~~~~~~~~~~~~~~~~~^^
  File "/home/giakiet05/programming/projects/tiktok-trend-detector/.venv/lib/python3.13/site-packages/kafka/client_async.py", line 1074, in check_version
    raise Errors.NoBrokersAvailable()
kafka.errors.NoBrokersAvailable: NoBrokersAvailable
2025-11-16 20:33:21 - kafka.conn - INFO - <BrokerConnection client_id=kafka-python-producer-1, node_id=bootstrap-0 host=localhost:9092 <connecting> [IPv6 ('::1', 9092, 0, 0)]>: connecting to localhost:9092 [('::1', 9092, 0, 0) IPv6]
2025-11-16 20:33:21 - kafka.conn - INFO - <BrokerConnection client_id=kafka-python-producer-1, node_id=bootstrap-0 host=localhost:9092 <checking_api_versions_recv> [IPv6 ('::1', 9092, 0, 0)]>: Broker version identified as 2.6
2025-11-16 20:33:21 - kafka.conn - INFO - <BrokerConnection client_id=kafka-python-producer-1, node_id=bootstrap-0 host=localhost:9092 <connected> [IPv6 ('::1', 9092, 0, 0)]>: Connection complete.
2025-11-16 20:33:21 - clients.kafka_client - INFO - Successfully connected to Kafka brokers at ['localhost:9092']
2025-11-16 20:33:21 - __main__ - INFO - 🧪 Running in MOCK mode - Loading from CSV
2025-11-16 20:33:21 - __main__ - INFO - ============================================================
2025-11-16 20:33:21 - __main__ - INFO - 🚀 STARTING PRODUCER - MOCK MODE
2025-11-16 20:33:21 - __main__ - INFO - ============================================================
2025-11-16 20:33:21 - loaders.csv_loader - INFO - Reading CSV file: /home/giakiet05/programming/projects/tiktok-trend-detector/data/dataset_tiktok-scraper_2025-10-28_02-55-46-512.csv
2025-11-16 20:33:21 - loaders.csv_loader - INFO - Parsed 5 videos...
2025-11-16 20:33:21 - loaders.csv_loader - INFO - Parsed 10 videos...
2025-11-16 20:33:21 - loaders.csv_loader - INFO - Parsed 15 videos...
2025-11-16 20:33:21 - loaders.csv_loader - INFO - Parsed 20 videos...
2025-11-16 20:33:21 - loaders.csv_loader - INFO - Parsed 25 videos...
2025-11-16 20:33:21 - loaders.csv_loader - INFO - Parsed 30 videos...
2025-11-16 20:33:21 - loaders.csv_loader - INFO - Parsed 35 videos...
2025-11-16 20:33:21 - loaders.csv_loader - INFO - Parsed 40 videos...
2025-11-16 20:33:21 - loaders.csv_loader - INFO - Parsed 45 videos...
2025-11-16 20:33:21 - loaders.csv_loader - INFO - Parsed 50 videos...
2025-11-16 20:33:21 - loaders.csv_loader - INFO - Parsed 55 videos...
2025-11-16 20:33:21 - loaders.csv_loader - INFO - Parsed 60 videos...
2025-11-16 20:33:21 - loaders.csv_loader - INFO - Parsed 65 videos...
2025-11-16 20:33:21 - loaders.csv_loader - INFO - Parsed 70 videos...
2025-11-16 20:33:21 - loaders.csv_loader - INFO - Parsed 75 videos...
2025-11-16 20:33:21 - loaders.csv_loader - INFO - Parsed 80 videos...
2025-11-16 20:33:21 - loaders.csv_loader - INFO - Parsed 85 videos...
2025-11-16 20:33:21 - loaders.csv_loader - INFO - Parsed 90 videos...
2025-11-16 20:33:21 - loaders.csv_loader - INFO - Parsed 95 videos...
2025-11-16 20:33:21 - loaders.csv_loader - INFO - Parsed 100 videos...
2025-11-16 20:33:21 - loaders.csv_loader - INFO - Successfully loaded 100 videos from CSV
2025-11-16 20:33:21 - __main__ - INFO - 📦 Will send 100 videos to Kafka topic: tiktok-raw-data
2025-11-16 20:33:22 - kafka.conn - INFO - <BrokerConnection client_id=kafka-python-producer-1, node_id=1 host=localhost:9092 <connecting> [IPv6 ('::1', 9092, 0, 0)]>: connecting to localhost:9092 [('::1', 9092, 0, 0) IPv6]
2025-11-16 20:33:22 - kafka.conn - INFO - <BrokerConnection client_id=kafka-python-producer-1, node_id=1 host=localhost:9092 <connected> [IPv6 ('::1', 9092, 0, 0)]>: Connection complete.
2025-11-16 20:33:22 - kafka.conn - INFO - <BrokerConnection client_id=kafka-python-producer-1, node_id=bootstrap-0 host=localhost:9092 <connected> [IPv6 ('::1', 9092, 0, 0)]>: Closing connection. 
2025-11-16 20:33:22 - __main__ - INFO - ✅ [1/100] Sent video: 7565574004866600214
2025-11-16 20:33:23 - __main__ - INFO - ✅ [2/100] Sent video: 7563865435964280082
2025-11-16 20:33:24 - __main__ - INFO - ✅ [3/100] Sent video: 7565757654233140487
2025-11-16 20:33:25 - __main__ - INFO - ✅ [4/100] Sent video: 7563031642424528136
2025-11-16 20:33:26 - __main__ - INFO - ✅ [5/100] Sent video: 7563024026134662422
2025-11-16 20:33:27 - __main__ - INFO - ✅ [6/100] Sent video: 7563192131695824159
2025-11-16 20:33:28 - __main__ - INFO - ✅ [7/100] Sent video: 7378696691941149995
2025-11-16 20:33:29 - __main__ - INFO - ✅ [8/100] Sent video: 7562614511706901782
2025-11-16 20:33:30 - __main__ - INFO - ✅ [9/100] Sent video: 7563996482202848530
2025-11-16 20:33:31 - __main__ - INFO - ✅ [10/100] Sent video: 7564675440644836630
2025-11-16 20:33:32 - __main__ - INFO - ✅ [11/100] Sent video: 7563571467493838100
2025-11-16 20:33:33 - __main__ - INFO - ✅ [12/100] Sent video: 7392044623545388295
2025-11-16 20:33:34 - __main__ - INFO - ✅ [13/100] Sent video: 7505844925896903958
2025-11-16 20:33:35 - __main__ - INFO - ✅ [14/100] Sent video: 7494874887577259310
2025-11-16 20:33:36 - __main__ - INFO - ✅ [15/100] Sent video: 7558602187127950622
2025-11-16 20:33:36 - clients.kafka_client - INFO - Flushing remaining messages and closing Kafka producer...
2025-11-16 20:33:36 - kafka.producer.kafka - INFO - <KafkaProducer client_id=kafka-python-producer-1 transactional_id=None>: Closing the Kafka producer with 9223372036.0 secs timeout.
2025-11-16 20:33:36 - kafka.conn - INFO - <BrokerConnection client_id=kafka-python-producer-1, node_id=1 host=localhost:9092 <connected> [IPv6 ('::1', 9092, 0, 0)]>: Closing connection. 
2025-11-16 20:33:36 - clients.kafka_client - INFO - Kafka producer closed successfully
2025-11-17 10:22:03 - kafka.conn - INFO - <BrokerConnection client_id=kafka-python-producer-1, node_id=bootstrap-0 host=localhost:9092 <connecting> [IPv6 ('::1', 9092, 0, 0)]>: connecting to localhost:9092 [('::1', 9092, 0, 0) IPv6]
2025-11-17 10:22:03 - kafka.conn - INFO - <BrokerConnection client_id=kafka-python-producer-1, node_id=bootstrap-0 host=localhost:9092 <checking_api_versions_recv> [IPv6 ('::1', 9092, 0, 0)]>: Broker version identified as 2.6
2025-11-17 10:22:03 - kafka.conn - INFO - <BrokerConnection client_id=kafka-python-producer-1, node_id=bootstrap-0 host=localhost:9092 <connected> [IPv6 ('::1', 9092, 0, 0)]>: Connection complete.
2025-11-17 10:22:03 - clients.kafka_client - INFO - Successfully connected to Kafka brokers at ['localhost:9092']
2025-11-17 10:22:03 - __main__ - INFO - 🧪 Running in MOCK mode - Loading from CSV
2025-11-17 10:22:03 - __main__ - INFO - ============================================================
2025-11-17 10:22:03 - __main__ - INFO - 🚀 STARTING PRODUCER - MOCK MODE
2025-11-17 10:22:03 - __main__ - INFO - ============================================================
2025-11-17 10:22:03 - loaders.csv_loader - INFO - Reading CSV file: /home/giakiet05/programming/projects/tiktok-trend-detector/data/raw_tiktok_data.csv
2025-11-17 10:22:03 - loaders.csv_loader - INFO - Parsed 5 videos...
2025-11-17 10:22:03 - loaders.csv_loader - INFO - Parsed 10 videos...
2025-11-17 10:22:03 - loaders.csv_loader - INFO - Parsed 15 videos...
2025-11-17 10:22:03 - loaders.csv_loader - INFO - Parsed 20 videos...
2025-11-17 10:22:03 - loaders.csv_loader - INFO - Parsed 25 videos...
2025-11-17 10:22:03 - loaders.csv_loader - INFO - Parsed 30 videos...
2025-11-17 10:22:03 - loaders.csv_loader - INFO - Parsed 35 videos...
2025-11-17 10:22:03 - loaders.csv_loader - INFO - Parsed 40 videos...
2025-11-17 10:22:03 - loaders.csv_loader - INFO - Parsed 45 videos...
2025-11-17 10:22:03 - loaders.csv_loader - INFO - Parsed 50 videos...
2025-11-17 10:22:03 - loaders.csv_loader - INFO - Parsed 55 videos...
2025-11-17 10:22:03 - loaders.csv_loader - INFO - Parsed 60 videos...
2025-11-17 10:22:03 - loaders.csv_loader - INFO - Parsed 65 videos...
2025-11-17 10:22:03 - loaders.csv_loader - INFO - Parsed 70 videos...
2025-11-17 10:22:03 - loaders.csv_loader - INFO - Parsed 75 videos...
2025-11-17 10:22:03 - loaders.csv_loader - INFO - Parsed 80 videos...
2025-11-17 10:22:03 - loaders.csv_loader - INFO - Parsed 85 videos...
2025-11-17 10:22:03 - loaders.csv_loader - INFO - Parsed 90 videos...
2025-11-17 10:22:03 - loaders.csv_loader - INFO - Parsed 95 videos...
2025-11-17 10:22:03 - loaders.csv_loader - INFO - Parsed 100 videos...
2025-11-17 10:22:03 - loaders.csv_loader - INFO - Parsed 105 videos...
2025-11-17 10:22:03 - loaders.csv_loader - INFO - Parsed 110 videos...
2025-11-17 10:22:03 - loaders.csv_loader - INFO - Parsed 115 videos...
2025-11-17 10:22:03 - loaders.csv_loader - INFO - Parsed 120 videos...
2025-11-17 10:22:03 - loaders.csv_loader - INFO - Parsed 125 videos...
2025-11-17 10:22:03 - loaders.csv_loader - INFO - Parsed 130 videos...
2025-11-17 10:22:03 - loaders.csv_loader - INFO - Parsed 135 videos...
2025-11-17 10:22:03 - loaders.csv_loader - INFO - Parsed 140 videos...
2025-11-17 10:22:03 - loaders.csv_loader - INFO - Parsed 145 videos...
2025-11-17 10:22:03 - loaders.csv_loader - INFO - Parsed 150 videos...
2025-11-17 10:22:03 - loaders.csv_loader - INFO - Parsed 155 videos...
2025-11-17 10:22:03 - loaders.csv_loader - INFO - Parsed 160 videos...
2025-11-17 10:22:03 - loaders.csv_loader - INFO - Parsed 165 videos...
2025-11-17 10:22:03 - loaders.csv_loader - INFO - Parsed 170 videos...
2025-11-17 10:22:03 - loaders.csv_loader - INFO - Parsed 175 videos...
2025-11-17 10:22:03 - loaders.csv_loader - INFO - Parsed 180 videos...
2025-11-17 10:22:03 - loaders.csv_loader - INFO - Parsed 185 videos...
2025-11-17 10:22:03 - loaders.csv_loader - INFO - Parsed 190 videos...
2025-11-17 10:22:03 - loaders.csv_loader - INFO - Parsed 195 videos...
2025-11-17 10:22:03 - loaders.csv_loader - INFO - Parsed 200 videos...
2025-11-17 10:22:03 - loaders.csv_loader - INFO - Parsed 205 videos...
2025-11-17 10:22:03 - loaders.csv_loader - INFO - Parsed 210 videos...
2025-11-17 10:22:03 - loaders.csv_loader - INFO - Parsed 215 videos...
2025-11-17 10:22:03 - loaders.csv_loader - INFO - Parsed 220 videos...
2025-11-17 10:22:03 - loaders.csv_loader - INFO - Parsed 225 videos...
2025-11-17 10:22:03 - loaders.csv_loader - INFO - Parsed 230 videos...
2025-11-17 10:22:03 - loaders.csv_loader - INFO - Parsed 235 videos...
2025-11-17 10:22:03 - loaders.csv_loader - INFO - Parsed 240 videos...
2025-11-17 10:22:03 - loaders.csv_loader - INFO - Parsed 245 videos...
2025-11-17 10:22:03 - loaders.csv_loader - INFO - Parsed 250 videos...
2025-11-17 10:22:03 - loaders.csv_loader - INFO - Parsed 255 videos...
2025-11-17 10:22:03 - loaders.csv_loader - INFO - Parsed 260 videos...
2025-11-17 10:22:03 - loaders.csv_loader - INFO - Parsed 265 videos...
2025-11-17 10:22:03 - loaders.csv_loader - INFO - Parsed 270 videos...
2025-11-17 10:22:03 - loaders.csv_loader - INFO - Parsed 275 videos...
2025-11-17 10:22:03 - loaders.csv_loader - INFO - Parsed 280 videos...
2025-11-17 10:22:03 - loaders.csv_loader - INFO - Parsed 285 videos...
2025-11-17 10:22:03 - loaders.csv_loader - INFO - Parsed 290 videos...
2025-11-17 10:22:03 - loaders.csv_loader - INFO - Parsed 295 videos...
2025-11-17 10:22:03 - loaders.csv_loader - INFO - Parsed 300 videos...
2025-11-17 10:22:03 - loaders.csv_loader - INFO - Parsed 305 videos...
2025-11-17 10:22:03 - loaders.csv_loader - INFO - Parsed 310 videos...
2025-11-17 10:22:03 - loaders.csv_loader - INFO - Parsed 315 videos...
2025-11-17 10:22:03 - loaders.csv_loader - INFO - Parsed 320 videos...
2025-11-17 10:22:03 - loaders.csv_loader - INFO - Parsed 325 videos...
2025-11-17 10:22:03 - loaders.csv_loader - INFO - Parsed 330 videos...
2025-11-17 10:22:03 - loaders.csv_loader - INFO - Parsed 335 videos...
2025-11-17 10:22:03 - loaders.csv_loader - INFO - Parsed 340 videos...
2025-11-17 10:22:03 - loaders.csv_loader - INFO - Parsed 345 videos...
2025-11-17 10:22:03 - loaders.csv_loader - INFO - Parsed 350 videos...
2025-11-17 10:22:03 - loaders.csv_loader - INFO - Parsed 355 videos...
2025-11-17 10:22:03 - loaders.csv_loader - INFO - Parsed 360 videos...
2025-11-17 10:22:03 - loaders.csv_loader - INFO - Parsed 365 videos...
2025-11-17 10:22:03 - loaders.csv_loader - INFO - Parsed 370 videos...
2025-11-17 10:22:03 - loaders.csv_loader - INFO - Parsed 375 videos...
2025-11-17 10:22:03 - loaders.csv_loader - INFO - Parsed 380 videos...
2025-11-17 10:22:03 - loaders.csv_loader - INFO - Parsed 385 videos...
2025-11-17 10:22:03 - loaders.csv_loader - INFO - Parsed 390 videos...
2025-11-17 10:22:03 - loaders.csv_loader - INFO - Parsed 395 videos...
2025-11-17 10:22:03 - loaders.csv_loader - INFO - Parsed 400 videos...
2025-11-17 10:22:03 - loaders.csv_loader - INFO - Parsed 405 videos...
2025-11-17 10:22:03 - loaders.csv_loader - INFO - Parsed 410 videos...
2025-11-17 10:22:03 - loaders.csv_loader - INFO - Parsed 415 videos...
2025-11-17 10:22:03 - loaders.csv_loader - INFO - Parsed 420 videos...
2025-11-17 10:22:03 - loaders.csv_loader - INFO - Parsed 425 videos...
2025-11-17 10:22:03 - loaders.csv_loader - INFO - Parsed 430 videos...
2025-11-17 10:22:03 - loaders.csv_loader - INFO - Parsed 435 videos...
2025-11-17 10:22:03 - loaders.csv_loader - INFO - Parsed 440 videos...
2025-11-17 10:22:03 - loaders.csv_loader - INFO - Parsed 445 videos...
2025-11-17 10:22:03 - loaders.csv_loader - INFO - Parsed 450 videos...
2025-11-17 10:22:03 - loaders.csv_loader - INFO - Successfully loaded 450 videos from CSV
2025-11-17 10:22:03 - __main__ - INFO - 📦 Will send 450 videos to Kafka topic: tiktok-raw-data
2025-11-17 10:22:04 - kafka.conn - INFO - <BrokerConnection client_id=kafka-python-producer-1, node_id=1 host=localhost:9092 <connecting> [IPv6 ('::1', 9092, 0, 0)]>: connecting to localhost:9092 [('::1', 9092, 0, 0) IPv6]
2025-11-17 10:22:04 - kafka.conn - INFO - <BrokerConnection client_id=kafka-python-producer-1, node_id=1 host=localhost:9092 <connected> [IPv6 ('::1', 9092, 0, 0)]>: Connection complete.
2025-11-17 10:22:04 - kafka.conn - INFO - <BrokerConnection client_id=kafka-python-producer-1, node_id=bootstrap-0 host=localhost:9092 <connected> [IPv6 ('::1', 9092, 0, 0)]>: Closing connection. 
2025-11-17 10:22:04 - kafka.cluster - ERROR - Topic tiktok-raw-data not found in cluster metadata
2025-11-17 10:22:05 - __main__ - INFO - ✅ [1/450] Sent video: 7559033570702953736
2025-11-17 10:22:06 - __main__ - INFO - ✅ [2/450] Sent video: 7430682473421393159
2025-11-17 10:22:07 - __main__ - INFO - ✅ [3/450] Sent video: 7534370586135383303
2025-11-17 10:22:08 - __main__ - INFO - ✅ [4/450] Sent video: 7310454853015293186
2025-11-17 10:22:09 - __main__ - INFO - ✅ [5/450] Sent video: 7533964384045894919
2025-11-17 10:22:10 - __main__ - INFO - ✅ [6/450] Sent video: 7455906120046038290
2025-11-17 10:22:11 - __main__ - INFO - ✅ [7/450] Sent video: 7544299403599695112
2025-11-17 10:22:12 - __main__ - INFO - ✅ [8/450] Sent video: 7517485342736305415
2025-11-17 10:22:13 - __main__ - INFO - ✅ [9/450] Sent video: 7475211892831603984
2025-11-17 10:22:14 - __main__ - INFO - ✅ [10/450] Sent video: 7428959761393143058
2025-11-17 10:22:15 - __main__ - INFO - ✅ [11/450] Sent video: 7429940021949418770
2025-11-17 10:22:16 - __main__ - INFO - ✅ [12/450] Sent video: 7416351643177962773
2025-11-17 10:22:17 - __main__ - INFO - ✅ [13/450] Sent video: 7305403338655419666
2025-11-17 10:22:18 - __main__ - INFO - ✅ [14/450] Sent video: 7417693541566123282
2025-11-17 10:22:19 - __main__ - INFO - ✅ [15/450] Sent video: 7567361673862909204
2025-11-17 10:22:20 - __main__ - INFO - ✅ [16/450] Sent video: 7572908837951343890
2025-11-17 10:22:21 - __main__ - INFO - ✅ [17/450] Sent video: 7573323983215398164
2025-11-17 10:22:22 - __main__ - INFO - ✅ [18/450] Sent video: 7532474140432190727
2025-11-17 10:22:23 - __main__ - INFO - ✅ [19/450] Sent video: 7573317491632655636
2025-11-17 10:22:24 - __main__ - INFO - ✅ [20/450] Sent video: 7384758634321841426
2025-11-17 10:22:25 - __main__ - INFO - ✅ [21/450] Sent video: 7572251855795883282
2025-11-17 10:22:26 - __main__ - INFO - ✅ [22/450] Sent video: 7491939865081285895
2025-11-17 10:22:27 - __main__ - INFO - ✅ [23/450] Sent video: 7538764659583733000
2025-11-17 10:22:28 - __main__ - INFO - ✅ [24/450] Sent video: 7553633057673104658
2025-11-17 10:22:29 - __main__ - INFO - ✅ [25/450] Sent video: 7486756939578330375
2025-11-17 10:22:30 - __main__ - INFO - ✅ [26/450] Sent video: 7389500365676268820
2025-11-17 10:22:31 - __main__ - INFO - ✅ [27/450] Sent video: 7559033570702953736
2025-11-17 10:22:32 - __main__ - INFO - ✅ [28/450] Sent video: 7560965955971484946
2025-11-17 10:22:33 - __main__ - INFO - ✅ [29/450] Sent video: 7568810488621010196
2025-11-17 10:22:34 - __main__ - INFO - ✅ [30/450] Sent video: 7518977959819218194
2025-11-17 10:22:35 - __main__ - INFO - ✅ [31/450] Sent video: 7572079643700759815
2025-11-17 10:22:36 - __main__ - INFO - ✅ [32/450] Sent video: 7539069490760338709
2025-11-17 10:22:37 - __main__ - INFO - ✅ [33/450] Sent video: 7551765862282235153
2025-11-17 10:22:38 - __main__ - INFO - ✅ [34/450] Sent video: 7571431806856154386
2025-11-17 10:22:39 - __main__ - INFO - ✅ [35/450] Sent video: 7543121156597910792
2025-11-17 10:22:40 - __main__ - INFO - ✅ [36/450] Sent video: 7485551146937912583
2025-11-17 10:22:41 - __main__ - INFO - ✅ [37/450] Sent video: 7540591529388264712
2025-11-17 10:22:42 - __main__ - INFO - ✅ [38/450] Sent video: 7551763376251161874
2025-11-17 10:22:43 - __main__ - INFO - ✅ [39/450] Sent video: 7528751560252247317
2025-11-17 10:22:44 - __main__ - INFO - ✅ [40/450] Sent video: 7500906912058232072
2025-11-17 10:22:45 - __main__ - INFO - ✅ [41/450] Sent video: 7568460345480629511
2025-11-17 10:22:46 - __main__ - INFO - ✅ [42/450] Sent video: 7442177181733653768
2025-11-17 10:22:47 - __main__ - INFO - ✅ [43/450] Sent video: 7566976514844134674
2025-11-17 10:22:48 - __main__ - INFO - ✅ [44/450] Sent video: 7510601817131158800
2025-11-17 10:22:49 - __main__ - INFO - ✅ [45/450] Sent video: 7573362166779186439
2025-11-17 10:22:50 - __main__ - INFO - ✅ [46/450] Sent video: 7559224291481488648
2025-11-17 10:22:51 - __main__ - INFO - ✅ [47/450] Sent video: 7572177453683100936
2025-11-17 10:22:52 - __main__ - INFO - ✅ [48/450] Sent video: 7400258542491520264
2025-11-17 10:22:53 - __main__ - INFO - ✅ [49/450] Sent video: 7562150123011116296
2025-11-17 10:22:54 - __main__ - INFO - ✅ [50/450] Sent video: 7497202274331151634
2025-11-17 10:22:55 - __main__ - INFO - ✅ [51/450] Sent video: 7393148904927235336
2025-11-17 10:22:56 - __main__ - INFO - ✅ [52/450] Sent video: 7563145482592079121
2025-11-17 10:22:57 - __main__ - INFO - ✅ [53/450] Sent video: 7366918770968825089
2025-11-17 10:22:58 - __main__ - INFO - ✅ [54/450] Sent video: 7570583922782768391
2025-11-17 10:22:59 - __main__ - INFO - ✅ [55/450] Sent video: 7476851868665154832
2025-11-17 10:23:00 - __main__ - INFO - ✅ [56/450] Sent video: 7573475876440935688
2025-11-17 10:23:01 - __main__ - INFO - ✅ [57/450] Sent video: 7566996590632701202
2025-11-17 10:23:02 - __main__ - INFO - ✅ [58/450] Sent video: 7572029583969619217
2025-11-17 10:23:03 - __main__ - INFO - ✅ [59/450] Sent video: 7557706507484171536
2025-11-17 10:23:04 - __main__ - INFO - ✅ [60/450] Sent video: 7528402227304647937
2025-11-17 10:23:05 - __main__ - INFO - ✅ [61/450] Sent video: 7554961221632478482
2025-11-17 10:23:06 - __main__ - INFO - ✅ [62/450] Sent video: 7230021201114991877
2025-11-17 10:23:07 - __main__ - INFO - ✅ [63/450] Sent video: 7233041204999359749
2025-11-17 10:23:08 - __main__ - INFO - ✅ [64/450] Sent video: 7518970142055746824
2025-11-17 10:23:09 - __main__ - INFO - ✅ [65/450] Sent video: 7549955927579954450
2025-11-17 10:23:10 - __main__ - INFO - ✅ [66/450] Sent video: 7564467170449624338
2025-11-17 10:23:11 - __main__ - INFO - ✅ [67/450] Sent video: 7532817699764800786
2025-11-17 10:23:12 - __main__ - INFO - ✅ [68/450] Sent video: 7377731442136108296
2025-11-17 10:23:13 - __main__ - INFO - ✅ [69/450] Sent video: 7455552971380641031
2025-11-17 10:23:15 - __main__ - INFO - ✅ [70/450] Sent video: 7294664130827488513
2025-11-17 10:23:16 - __main__ - INFO - ✅ [71/450] Sent video: 7505967308179819784
2025-11-17 10:23:17 - __main__ - INFO - ✅ [72/450] Sent video: 7519366962711923976
2025-11-17 10:23:18 - __main__ - INFO - ✅ [73/450] Sent video: 7482680544304565512
2025-11-17 10:23:19 - __main__ - INFO - ✅ [74/450] Sent video: 7499106026470329655
2025-11-17 10:23:20 - __main__ - INFO - ✅ [75/450] Sent video: 7556916508656405767
2025-11-17 10:23:21 - __main__ - INFO - ✅ [76/450] Sent video: 7277163430572870919
2025-11-17 10:23:22 - __main__ - INFO - ✅ [77/450] Sent video: 7237115723691068677
2025-11-17 10:23:23 - __main__ - INFO - ✅ [78/450] Sent video: 7241557412589686021
2025-11-17 10:23:24 - __main__ - INFO - ✅ [79/450] Sent video: 7295011823550500104
2025-11-17 10:23:25 - __main__ - INFO - ✅ [80/450] Sent video: 7559368664319790354
2025-11-17 10:23:26 - __main__ - INFO - ✅ [81/450] Sent video: 7549047984881814791
2025-11-17 10:23:27 - __main__ - INFO - ✅ [82/450] Sent video: 7550542614085258503
2025-11-17 10:23:28 - __main__ - INFO - ✅ [83/450] Sent video: 7458466142353378568
2025-11-17 10:23:29 - __main__ - INFO - ✅ [84/450] Sent video: 7569595249031662868
2025-11-17 10:23:30 - __main__ - INFO - ✅ [85/450] Sent video: 7572914157884902664
2025-11-17 10:23:31 - __main__ - INFO - ✅ [86/450] Sent video: 7550287332386016532
2025-11-17 10:23:32 - __main__ - INFO - ✅ [87/450] Sent video: 7570982103379102996
2025-11-17 10:23:33 - __main__ - INFO - ✅ [88/450] Sent video: 7572608824574627092
2025-11-17 10:23:34 - __main__ - INFO - ✅ [89/450] Sent video: 7306327242378988802
2025-11-17 10:23:35 - __main__ - INFO - ✅ [90/450] Sent video: 7571985216940690709
2025-11-17 10:23:36 - __main__ - INFO - ✅ [91/450] Sent video: 7366918770968825089
2025-11-17 10:23:37 - __main__ - INFO - ✅ [92/450] Sent video: 7259018453988674822
2025-11-17 10:23:38 - __main__ - INFO - ✅ [93/450] Sent video: 7155472820066094363
2025-11-17 10:23:39 - __main__ - INFO - ✅ [94/450] Sent video: 7490581995026828562
2025-11-17 10:23:40 - __main__ - INFO - ✅ [95/450] Sent video: 7429938372208119047
2025-11-17 10:23:41 - __main__ - INFO - ✅ [96/450] Sent video: 7462991490621443346
2025-11-17 10:23:42 - __main__ - INFO - ✅ [97/450] Sent video: 7445928571526221072
2025-11-17 10:23:43 - __main__ - INFO - ✅ [98/450] Sent video: 7562544815754251527
2025-11-17 10:23:44 - __main__ - INFO - ✅ [99/450] Sent video: 7430673946292342033
2025-11-17 10:23:45 - __main__ - INFO - ✅ [100/450] Sent video: 7523206582432189703
2025-11-17 10:23:46 - __main__ - INFO - ✅ [101/450] Sent video: 7256743997438266630
2025-11-17 10:23:47 - __main__ - INFO - ✅ [102/450] Sent video: 7483484748002626834
2025-11-17 10:23:48 - __main__ - INFO - ✅ [103/450] Sent video: 7516886202285493511
2025-11-17 10:23:49 - __main__ - INFO - ✅ [104/450] Sent video: 7516531801565728020
2025-11-17 10:23:50 - __main__ - INFO - ✅ [105/450] Sent video: 7356938569367309584
2025-11-17 10:23:51 - __main__ - INFO - ✅ [106/450] Sent video: 7549955927579954450
2025-11-17 10:23:52 - __main__ - INFO - ✅ [107/450] Sent video: 7474690188585848072
2025-11-17 10:23:53 - __main__ - INFO - ✅ [108/450] Sent video: 7568520778027683079
2025-11-17 10:23:54 - __main__ - INFO - ✅ [109/450] Sent video: 7557569945786223890
2025-11-17 10:23:55 - __main__ - INFO - ✅ [110/450] Sent video: 7533884762423823624
2025-11-17 10:23:56 - __main__ - INFO - ✅ [111/450] Sent video: 7361074905850383623
2025-11-17 10:23:57 - __main__ - INFO - ✅ [112/450] Sent video: 7495845506313129222
2025-11-17 10:23:58 - __main__ - INFO - ✅ [113/450] Sent video: 7340641688802741505
2025-11-17 10:23:59 - __main__ - INFO - ✅ [114/450] Sent video: 7270862224737045766
2025-11-17 10:24:00 - __main__ - INFO - ✅ [115/450] Sent video: 7514322270945479944
2025-11-17 10:24:01 - __main__ - INFO - ✅ [116/450] Sent video: 7473342565115251969
2025-11-17 10:24:02 - __main__ - INFO - ✅ [117/450] Sent video: 7447819559932792072
2025-11-17 10:24:03 - __main__ - INFO - ✅ [118/450] Sent video: 7492411010528070919
2025-11-17 10:24:04 - __main__ - INFO - ✅ [119/450] Sent video: 7456724791265873159
2025-11-17 10:24:05 - __main__ - INFO - ✅ [120/450] Sent video: 7545821695458708754
2025-11-17 10:24:06 - __main__ - INFO - ✅ [121/450] Sent video: 7527663983592099079
2025-11-17 10:24:07 - __main__ - INFO - ✅ [122/450] Sent video: 7473764551058541825
2025-11-17 10:24:08 - __main__ - INFO - ✅ [123/450] Sent video: 7486356639809850631
2025-11-17 10:24:09 - __main__ - INFO - ✅ [124/450] Sent video: 7302786535718489345
2025-11-17 10:24:10 - __main__ - INFO - ✅ [125/450] Sent video: 7492319877118594311
2025-11-17 10:24:11 - __main__ - INFO - ✅ [126/450] Sent video: 7496872825647566088
2025-11-17 10:24:12 - __main__ - INFO - ✅ [127/450] Sent video: 7552928528510029076
2025-11-17 10:24:13 - __main__ - INFO - ✅ [128/450] Sent video: 7513856953630723346
2025-11-17 10:24:14 - __main__ - INFO - ✅ [129/450] Sent video: 7567407789287427346
2025-11-17 10:24:15 - __main__ - INFO - ✅ [130/450] Sent video: 7495103045701766422
2025-11-17 10:24:16 - __main__ - INFO - ✅ [131/450] Sent video: 7344949736207781122
2025-11-17 10:24:17 - __main__ - INFO - ✅ [132/450] Sent video: 7328272627217353986
2025-11-17 10:24:18 - __main__ - INFO - ✅ [133/450] Sent video: 7488567422841130295
2025-11-17 10:24:19 - __main__ - INFO - ✅ [134/450] Sent video: 7572155742514384149
2025-11-17 10:24:20 - __main__ - INFO - ✅ [135/450] Sent video: 7305403338655419666
2025-11-17 10:24:21 - __main__ - INFO - ✅ [136/450] Sent video: 7483484748002626834
2025-11-17 10:24:22 - __main__ - INFO - ✅ [137/450] Sent video: 7535751114130509064
2025-11-17 10:24:23 - __main__ - INFO - ✅ [138/450] Sent video: 7557569945786223890
2025-11-17 10:24:24 - __main__ - INFO - ✅ [139/450] Sent video: 7319039997892513026
2025-11-17 10:24:25 - __main__ - INFO - ✅ [140/450] Sent video: 7567361673862909204
2025-11-17 10:24:26 - __main__ - INFO - ✅ [141/450] Sent video: 7551440345779817736
2025-11-17 10:24:27 - __main__ - INFO - ✅ [142/450] Sent video: 7566925802470870293
2025-11-17 10:24:28 - __main__ - INFO - ✅ [143/450] Sent video: 7538464040679443730
2025-11-17 10:24:29 - __main__ - INFO - ✅ [144/450] Sent video: 7554240445149187335
2025-11-17 10:24:30 - __main__ - INFO - ✅ [145/450] Sent video: 7572449222201462023
2025-11-17 10:24:31 - __main__ - INFO - ✅ [146/450] Sent video: 7544974406100077832
2025-11-17 10:24:32 - __main__ - INFO - ✅ [147/450] Sent video: 7373876934750539026
2025-11-17 10:24:33 - __main__ - INFO - ✅ [148/450] Sent video: 7492017976347069704
2025-11-17 10:24:34 - __main__ - INFO - ✅ [149/450] Sent video: 7518228767450483975
2025-11-17 10:24:35 - __main__ - INFO - ✅ [150/450] Sent video: 7565448018745511186
2025-11-17 10:24:36 - __main__ - INFO - ✅ [151/450] Sent video: 7388786167828761873
2025-11-17 10:24:37 - __main__ - INFO - ✅ [152/450] Sent video: 7564638355883871509
2025-11-17 10:24:38 - __main__ - INFO - ✅ [153/450] Sent video: 7533572832928730376
2025-11-17 10:24:39 - __main__ - INFO - ✅ [154/450] Sent video: 7430436164240461064
2025-11-17 10:24:40 - __main__ - INFO - ✅ [155/450] Sent video: 7457074641106898184
2025-11-17 10:24:41 - __main__ - INFO - ✅ [156/450] Sent video: 7342730199882075410
2025-11-17 10:24:42 - __main__ - INFO - ✅ [157/450] Sent video: 7557766190664355080
2025-11-17 10:24:43 - __main__ - INFO - ✅ [158/450] Sent video: 7567407789287427346
2025-11-17 10:24:44 - __main__ - INFO - ✅ [159/450] Sent video: 7474143709924281608
2025-11-17 10:24:45 - __main__ - INFO - ✅ [160/450] Sent video: 7565166603822746888
2025-11-17 10:24:46 - __main__ - INFO - ✅ [161/450] Sent video: 7542425219173043463
2025-11-17 10:24:47 - __main__ - INFO - ✅ [162/450] Sent video: 7537526839707733256
2025-11-17 10:24:48 - __main__ - INFO - ✅ [163/450] Sent video: 7559760897338559751
2025-11-17 10:24:49 - __main__ - INFO - ✅ [164/450] Sent video: 7486756939578330375
2025-11-17 10:24:50 - __main__ - INFO - ✅ [165/450] Sent video: 7561447690647637268
2025-11-17 10:24:51 - __main__ - INFO - ✅ [166/450] Sent video: 7560598698934242567
2025-11-17 10:24:52 - __main__ - INFO - ✅ [167/450] Sent video: 7475650391032581384
2025-11-17 10:24:53 - __main__ - INFO - ✅ [168/450] Sent video: 7572097950973775112
2025-11-17 10:24:54 - __main__ - INFO - ✅ [169/450] Sent video: 7571567804604828941
2025-11-17 10:24:55 - __main__ - INFO - ✅ [170/450] Sent video: 7571822390783626514
2025-11-17 10:24:56 - __main__ - INFO - ✅ [171/450] Sent video: 7350688061442805013
2025-11-17 10:24:57 - __main__ - INFO - ✅ [172/450] Sent video: 7497082995862408449
2025-11-17 10:24:58 - __main__ - INFO - ✅ [173/450] Sent video: 7571347332638264577
2025-11-17 10:24:59 - __main__ - INFO - ✅ [174/450] Sent video: 7559033570702953736
2025-11-17 10:25:00 - __main__ - INFO - ✅ [175/450] Sent video: 7477209680104672532
2025-11-17 10:25:01 - __main__ - INFO - ✅ [176/450] Sent video: 7388580719611743506
2025-11-17 10:25:02 - __main__ - INFO - ✅ [177/450] Sent video: 7323432404767608066
2025-11-17 10:25:03 - __main__ - INFO - ✅ [178/450] Sent video: 7368069217192611079
2025-11-17 10:25:04 - __main__ - INFO - ✅ [179/450] Sent video: 7488740751149468934
2025-11-17 10:25:05 - __main__ - INFO - ✅ [180/450] Sent video: 7572543310208830738
2025-11-17 10:25:06 - __main__ - INFO - ✅ [181/450] Sent video: 7571431806856154386
2025-11-17 10:25:07 - __main__ - INFO - ✅ [182/450] Sent video: 7551763376251161874
2025-11-17 10:25:08 - __main__ - INFO - ✅ [183/450] Sent video: 7554961221632478482
2025-11-17 10:25:09 - __main__ - INFO - ✅ [184/450] Sent video: 7540591529388264712
2025-11-17 10:25:10 - __main__ - INFO - ✅ [185/450] Sent video: 7456759133312699649
2025-11-17 10:25:11 - __main__ - INFO - ✅ [186/450] Sent video: 7398870455051996424
2025-11-17 10:25:12 - __main__ - INFO - ✅ [187/450] Sent video: 7545305865683832072
2025-11-17 10:25:13 - __main__ - INFO - ✅ [188/450] Sent video: 7570583922782768391
2025-11-17 10:25:14 - __main__ - INFO - ✅ [189/450] Sent video: 7509456463450868999
2025-11-17 10:25:15 - __main__ - INFO - ✅ [190/450] Sent video: 7534556643145616658
2025-11-17 10:25:16 - __main__ - INFO - ✅ [191/450] Sent video: 7352886839939730705
2025-11-17 10:25:17 - __main__ - INFO - ✅ [192/450] Sent video: 7487132599148743942
2025-11-17 10:25:18 - __main__ - INFO - ✅ [193/450] Sent video: 7563145482592079121
2025-11-17 10:25:19 - __main__ - INFO - ✅ [194/450] Sent video: 7460798042250185991
2025-11-17 10:25:20 - __main__ - INFO - ✅ [195/450] Sent video: 7346640501606599938
2025-11-17 10:25:21 - __main__ - INFO - ✅ [196/450] Sent video: 7530269741957680391
2025-11-17 10:25:22 - __main__ - INFO - ✅ [197/450] Sent video: 7535262925481725191
2025-11-17 10:25:23 - __main__ - INFO - ✅ [198/450] Sent video: 7543222137792810248
2025-11-17 10:25:24 - __main__ - INFO - ✅ [199/450] Sent video: 7531209154522877192
2025-11-17 10:25:25 - __main__ - INFO - ✅ [200/450] Sent video: 7562392757227195661
2025-11-17 10:25:26 - __main__ - INFO - ✅ [201/450] Sent video: 7479729666471824656
2025-11-17 10:25:27 - __main__ - INFO - ✅ [202/450] Sent video: 7541025670290361618
2025-11-17 10:25:28 - __main__ - INFO - ✅ [203/450] Sent video: 7568862586918259986
2025-11-17 10:25:29 - __main__ - INFO - ✅ [204/450] Sent video: 7567282488695999751
2025-11-17 10:25:30 - __main__ - INFO - ✅ [205/450] Sent video: 7527566473565424903
2025-11-17 10:25:31 - __main__ - INFO - ✅ [206/450] Sent video: 7523952720466824466
2025-11-17 10:25:32 - __main__ - INFO - ✅ [207/450] Sent video: 7560164652663983361
2025-11-17 10:25:33 - __main__ - INFO - ✅ [208/450] Sent video: 7570559983914421511
2025-11-17 10:25:34 - __main__ - INFO - ✅ [209/450] Sent video: 7566044941630164255
2025-11-17 10:25:35 - __main__ - INFO - ✅ [210/450] Sent video: 7535262925481725191
2025-11-17 10:25:36 - __main__ - INFO - ✅ [211/450] Sent video: 7526401568158141703
2025-11-17 10:25:37 - __main__ - INFO - ✅ [212/450] Sent video: 7493496239397391623
2025-11-17 10:25:38 - __main__ - INFO - ✅ [213/450] Sent video: 7544608734463446279
2025-11-17 10:25:39 - __main__ - INFO - ✅ [214/450] Sent video: 7555388117931412744
2025-11-17 10:25:40 - __main__ - INFO - ✅ [215/450] Sent video: 7531198366949100818
2025-11-17 10:25:41 - __main__ - INFO - ✅ [216/450] Sent video: 7573497198059523348
2025-11-17 10:25:42 - __main__ - INFO - ✅ [217/450] Sent video: 7526545277256224008
2025-11-17 10:25:43 - __main__ - INFO - ✅ [218/450] Sent video: 7489070006907669815
2025-11-17 10:25:44 - __main__ - INFO - ✅ [219/450] Sent video: 7570947828856442130
2025-11-17 10:25:45 - __main__ - INFO - ✅ [220/450] Sent video: 7568113686045461780
2025-11-17 10:25:46 - __main__ - INFO - ✅ [221/450] Sent video: 7525393516734795026
2025-11-17 10:25:47 - __main__ - INFO - ✅ [222/450] Sent video: 7486426817029541127
2025-11-17 10:25:48 - __main__ - INFO - ✅ [223/450] Sent video: 7538764659583733000
2025-11-17 10:25:49 - __main__ - INFO - ✅ [224/450] Sent video: 7538464040679443730
2025-11-17 10:25:50 - __main__ - INFO - ✅ [225/450] Sent video: 7491939865081285895
2025-11-17 10:25:51 - __main__ - INFO - ✅ [226/450] Sent video: 7505773016282860821
2025-11-17 10:25:52 - __main__ - INFO - ✅ [227/450] Sent video: 7563712007279594773
2025-11-17 10:25:53 - __main__ - INFO - ✅ [228/450] Sent video: 7568113686045461780
2025-11-17 10:25:54 - __main__ - INFO - ✅ [229/450] Sent video: 7430271060022463762
2025-11-17 10:25:55 - __main__ - INFO - ✅ [230/450] Sent video: 7305403338655419666
2025-11-17 10:25:56 - __main__ - INFO - ✅ [231/450] Sent video: 7483484748002626834
2025-11-17 10:25:57 - __main__ - INFO - ✅ [232/450] Sent video: 7567361673862909204
2025-11-17 10:25:58 - __main__ - INFO - ✅ [233/450] Sent video: 7384758634321841426
2025-11-17 10:25:59 - __main__ - INFO - ✅ [234/450] Sent video: 7392076680120028423
2025-11-17 10:26:00 - __main__ - INFO - ✅ [235/450] Sent video: 7192576418872659226
2025-11-17 10:26:01 - __main__ - INFO - ✅ [236/450] Sent video: 7498761849207295240
2025-11-17 10:26:02 - __main__ - INFO - ✅ [237/450] Sent video: 7539830197495926023
2025-11-17 10:26:03 - __main__ - INFO - ✅ [238/450] Sent video: 7345079587459681544
2025-11-17 10:26:04 - __main__ - INFO - ✅ [239/450] Sent video: 7417693541566123282
2025-11-17 10:26:05 - __main__ - INFO - ✅ [240/450] Sent video: 7270862224737045766
2025-11-17 10:26:06 - __main__ - INFO - ✅ [241/450] Sent video: 7245957801699282182
2025-11-17 10:26:07 - __main__ - INFO - ✅ [242/450] Sent video: 7535751114130509064
2025-11-17 10:26:08 - __main__ - INFO - ✅ [243/450] Sent video: 7490412963308784901
2025-11-17 10:26:09 - __main__ - INFO - ✅ [244/450] Sent video: 7384749296077393170
2025-11-17 10:26:10 - __main__ - INFO - ✅ [245/450] Sent video: 7466768874990587154
2025-11-17 10:26:11 - __main__ - INFO - ✅ [246/450] Sent video: 7483863842766753031
2025-11-17 10:26:12 - __main__ - INFO - ✅ [247/450] Sent video: 7386893021847014674
2025-11-17 10:26:13 - __main__ - INFO - ✅ [248/450] Sent video: 7384048905526316295
2025-11-17 10:26:14 - __main__ - INFO - ✅ [249/450] Sent video: 7517486689661553927
2025-11-17 10:26:15 - __main__ - INFO - ✅ [250/450] Sent video: 7490154795362192645
2025-11-17 10:26:16 - __main__ - INFO - ✅ [251/450] Sent video: 7434120651490823479
2025-11-17 10:26:17 - __main__ - INFO - ✅ [252/450] Sent video: 7474690188585848072
2025-11-17 10:26:18 - __main__ - INFO - ✅ [253/450] Sent video: 7426357709991054600
2025-11-17 10:26:19 - __main__ - INFO - ✅ [254/450] Sent video: 7553633057673104658
2025-11-17 10:26:20 - __main__ - INFO - ✅ [255/450] Sent video: 7541263237438819592
2025-11-17 10:26:21 - __main__ - INFO - ✅ [256/450] Sent video: 7549955927579954450
2025-11-17 10:26:22 - __main__ - INFO - ✅ [257/450] Sent video: 7348030641746775303
2025-11-17 10:26:23 - __main__ - INFO - ✅ [258/450] Sent video: 7354568894448782599
2025-11-17 10:26:24 - __main__ - INFO - ✅ [259/450] Sent video: 7491577589836893448
2025-11-17 10:26:25 - __main__ - INFO - ✅ [260/450] Sent video: 7424512921650122002
2025-11-17 10:26:26 - __main__ - INFO - ✅ [261/450] Sent video: 7565189670867406088
2025-11-17 10:26:27 - __main__ - INFO - ✅ [262/450] Sent video: 7517485342736305415
2025-11-17 10:26:28 - __main__ - INFO - ✅ [263/450] Sent video: 7554974345928379666
2025-11-17 10:26:29 - __main__ - INFO - ✅ [264/450] Sent video: 7567558579784387848
2025-11-17 10:26:30 - __main__ - INFO - ✅ [265/450] Sent video: 7553037645194988807
2025-11-17 10:26:31 - __main__ - INFO - ✅ [266/450] Sent video: 7482389320192511239
2025-11-17 10:26:32 - __main__ - INFO - ✅ [267/450] Sent video: 7572559155064540437
2025-11-17 10:26:33 - __main__ - INFO - ✅ [268/450] Sent video: 7572086636712856853
2025-11-17 10:26:34 - __main__ - INFO - ✅ [269/450] Sent video: 7566494035431525652
2025-11-17 10:26:35 - __main__ - INFO - ✅ [270/450] Sent video: 7555653910283799826
2025-11-17 10:26:36 - __main__ - INFO - ✅ [271/450] Sent video: 7487849194049309958
2025-11-17 10:26:37 - __main__ - INFO - ✅ [272/450] Sent video: 7537317096716291335
2025-11-17 10:26:38 - __main__ - INFO - ✅ [273/450] Sent video: 7563877537894468871
2025-11-17 10:26:39 - __main__ - INFO - ✅ [274/450] Sent video: 7573196688345681172
2025-11-17 10:26:40 - __main__ - INFO - ✅ [275/450] Sent video: 7566586846470212885
2025-11-17 10:26:41 - __main__ - INFO - ✅ [276/450] Sent video: 7095449168591736070
2025-11-17 10:26:42 - __main__ - INFO - ✅ [277/450] Sent video: 7379989189493820705
2025-11-17 10:26:43 - __main__ - INFO - ✅ [278/450] Sent video: 7492056159726193927
2025-11-17 10:26:44 - __main__ - INFO - ✅ [279/450] Sent video: 7271604175241317637
2025-11-17 10:26:45 - __main__ - INFO - ✅ [280/450] Sent video: 7569233893665066260
2025-11-17 10:26:46 - __main__ - INFO - ✅ [281/450] Sent video: 7564385456847162632
2025-11-17 10:26:47 - __main__ - INFO - ✅ [282/450] Sent video: 7567706350042533138
2025-11-17 10:26:48 - __main__ - INFO - ✅ [283/450] Sent video: 7539850653481340168
2025-11-17 10:26:49 - __main__ - INFO - ✅ [284/450] Sent video: 7470549030733384961
2025-11-17 10:26:50 - __main__ - INFO - ✅ [285/450] Sent video: 7211459157755432197
2025-11-17 10:26:51 - __main__ - INFO - ✅ [286/450] Sent video: 7572839367257967890
2025-11-17 10:26:52 - __main__ - INFO - ✅ [287/450] Sent video: 7452169112450682130
2025-11-17 10:26:53 - __main__ - INFO - ✅ [288/450] Sent video: 7344360015504952584
2025-11-17 10:26:54 - __main__ - INFO - ✅ [289/450] Sent video: 7521007839737941255
2025-11-17 10:26:55 - __main__ - INFO - ✅ [290/450] Sent video: 7489070006907669815
2025-11-17 10:26:56 - __main__ - INFO - ✅ [291/450] Sent video: 7429498821509467410
2025-11-17 10:26:57 - __main__ - INFO - ✅ [292/450] Sent video: 7531006830001278216
2025-11-17 10:26:58 - __main__ - INFO - ✅ [293/450] Sent video: 7548709105955802375
2025-11-17 10:26:59 - __main__ - INFO - ✅ [294/450] Sent video: 7489865818017156407
2025-11-17 10:27:00 - __main__ - INFO - ✅ [295/450] Sent video: 7554783144726088968
2025-11-17 10:27:01 - __main__ - INFO - ✅ [296/450] Sent video: 7482589672154123538
2025-11-17 10:27:02 - __main__ - INFO - ✅ [297/450] Sent video: 7474988125782117650
2025-11-17 10:27:03 - __main__ - INFO - ✅ [298/450] Sent video: 7561438945939098898
2025-11-17 10:27:04 - __main__ - INFO - ✅ [299/450] Sent video: 7474239127173598484
2025-11-17 10:27:05 - __main__ - INFO - ✅ [300/450] Sent video: 7571841864777682184
2025-11-17 10:27:06 - __main__ - INFO - ✅ [301/450] Sent video: 7572002103376350472
2025-11-17 10:27:07 - __main__ - INFO - ✅ [302/450] Sent video: 7491129660131085586
2025-11-17 10:27:08 - __main__ - INFO - ✅ [303/450] Sent video: 7143054924765564187
2025-11-17 10:27:09 - __main__ - INFO - ✅ [304/450] Sent video: 7398448663883762962
2025-11-17 10:27:10 - __main__ - INFO - ✅ [305/450] Sent video: 7460494375802457351
2025-11-17 10:27:11 - __main__ - INFO - ✅ [306/450] Sent video: 7572314685542763790
2025-11-17 10:27:12 - __main__ - INFO - ✅ [307/450] Sent video: 7570872460363451703
2025-11-17 10:27:13 - __main__ - INFO - ✅ [308/450] Sent video: 7517987551953669394
2025-11-17 10:27:14 - __main__ - INFO - ✅ [309/450] Sent video: 7573290545376775479
2025-11-17 10:27:15 - __main__ - INFO - ✅ [310/450] Sent video: 7558506769388031239
2025-11-17 10:27:16 - __main__ - INFO - ✅ [311/450] Sent video: 7416011643827604754
2025-11-17 10:27:17 - __main__ - INFO - ✅ [312/450] Sent video: 7499320513047661841
2025-11-17 10:27:18 - __main__ - INFO - ✅ [313/450] Sent video: 7572351389259533582
2025-11-17 10:27:19 - __main__ - INFO - ✅ [314/450] Sent video: 7284412938130066689
2025-11-17 10:27:20 - __main__ - INFO - ✅ [315/450] Sent video: 7510132182703295751
2025-11-17 10:27:21 - __main__ - INFO - ✅ [316/450] Sent video: 7531401252521905426
2025-11-17 10:27:22 - __main__ - INFO - ✅ [317/450] Sent video: 7572176796150402321
2025-11-17 10:27:23 - __main__ - INFO - ✅ [318/450] Sent video: 7554746442154298631
2025-11-17 10:27:24 - __main__ - INFO - ✅ [319/450] Sent video: 7456721750416461063
2025-11-17 10:27:25 - __main__ - INFO - ✅ [320/450] Sent video: 7383882416638741761
2025-11-17 10:27:26 - __main__ - INFO - ✅ [321/450] Sent video: 7549167804872658183
2025-11-17 10:27:27 - __main__ - INFO - ✅ [322/450] Sent video: 7365748993982270737
2025-11-17 10:27:28 - __main__ - INFO - ✅ [323/450] Sent video: 7323529413352787202
2025-11-17 10:27:29 - __main__ - INFO - ✅ [324/450] Sent video: 7557250947706047762
2025-11-17 10:27:30 - __main__ - INFO - ✅ [325/450] Sent video: 7066622089373011227
2025-11-17 10:27:31 - __main__ - INFO - ✅ [326/450] Sent video: 7520208918685961479
2025-11-17 10:27:32 - __main__ - INFO - ✅ [327/450] Sent video: 7521965602840251655
2025-11-17 10:27:33 - __main__ - INFO - ✅ [328/450] Sent video: 7233753429418577158
2025-11-17 10:27:34 - __main__ - INFO - ✅ [329/450] Sent video: 7485212452758605064
2025-11-17 10:27:35 - __main__ - INFO - ✅ [330/450] Sent video: 7340641688802741505
2025-11-17 10:27:36 - __main__ - INFO - ✅ [331/450] Sent video: 7402437494064647441
2025-11-17 10:27:37 - __main__ - INFO - ✅ [332/450] Sent video: 7208804127059627291
2025-11-17 10:27:38 - __main__ - INFO - ✅ [333/450] Sent video: 7376867989510966536
2025-11-17 10:27:39 - __main__ - INFO - ✅ [334/450] Sent video: 7351048068227288327
2025-11-17 10:27:40 - __main__ - INFO - ✅ [335/450] Sent video: 7461977472251497735
2025-11-17 10:27:41 - __main__ - INFO - ✅ [336/450] Sent video: 7387028309017709845
2025-11-17 10:27:42 - __main__ - INFO - ✅ [337/450] Sent video: 7555425882081332498
2025-11-17 10:27:43 - __main__ - INFO - ✅ [338/450] Sent video: 7384758634321841426
2025-11-17 10:27:44 - __main__ - INFO - ✅ [339/450] Sent video: 7339767964108868871
2025-11-17 10:27:45 - __main__ - INFO - ✅ [340/450] Sent video: 6697921844952976645
2025-11-17 10:27:46 - __main__ - INFO - ✅ [341/450] Sent video: 7565912986427084052
2025-11-17 10:27:47 - __main__ - INFO - ✅ [342/450] Sent video: 7558109132474043665
2025-11-17 10:27:48 - __main__ - INFO - ✅ [343/450] Sent video: 7301175869324758280
2025-11-17 10:27:49 - __main__ - INFO - ✅ [344/450] Sent video: 7216506204405648667
2025-11-17 10:27:50 - __main__ - INFO - ✅ [345/450] Sent video: 7353952218166480135
2025-11-17 10:27:51 - __main__ - INFO - ✅ [346/450] Sent video: 7513046080397872400
2025-11-17 10:27:52 - __main__ - INFO - ✅ [347/450] Sent video: 7423207848353533202
2025-11-17 10:27:53 - __main__ - INFO - ✅ [348/450] Sent video: 7517591277005769991
2025-11-17 10:27:54 - __main__ - INFO - ✅ [349/450] Sent video: 7543627207625739538
2025-11-17 10:27:55 - __main__ - INFO - ✅ [350/450] Sent video: 7560645441432341767
2025-11-17 10:27:56 - __main__ - INFO - ✅ [351/450] Sent video: 7549935845403479303
2025-11-17 10:27:57 - __main__ - INFO - ✅ [352/450] Sent video: 7529402541247827208
2025-11-17 10:27:58 - __main__ - INFO - ✅ [353/450] Sent video: 7222634725607886106
2025-11-17 10:27:59 - __main__ - INFO - ✅ [354/450] Sent video: 7571823656075054344
2025-11-17 10:28:00 - __main__ - INFO - ✅ [355/450] Sent video: 7527227924831816978
2025-11-17 10:28:01 - __main__ - INFO - ✅ [356/450] Sent video: 7547707185803840786
2025-11-17 10:28:02 - __main__ - INFO - ✅ [357/450] Sent video: 7439258256578465032
2025-11-17 10:28:03 - __main__ - INFO - ✅ [358/450] Sent video: 7515625830110792968
2025-11-17 10:28:04 - __main__ - INFO - ✅ [359/450] Sent video: 7541039032566877458
2025-11-17 10:28:05 - __main__ - INFO - ✅ [360/450] Sent video: 7573321046040890642
2025-11-17 10:28:06 - __main__ - INFO - ✅ [361/450] Sent video: 7297626707287231750
2025-11-17 10:28:07 - __main__ - INFO - ✅ [362/450] Sent video: 7471996329997110550
2025-11-17 10:28:08 - __main__ - INFO - ✅ [363/450] Sent video: 7549527131773095186
2025-11-17 10:28:09 - __main__ - INFO - ✅ [364/450] Sent video: 7535801802466381064
2025-11-17 10:28:10 - __main__ - INFO - ✅ [365/450] Sent video: 7445224588763516168
2025-11-17 10:28:11 - __main__ - INFO - ✅ [366/450] Sent video: 7461487196260863240
2025-11-17 10:28:12 - __main__ - INFO - ✅ [367/450] Sent video: 7527541390448856328
2025-11-17 10:28:13 - __main__ - INFO - ✅ [368/450] Sent video: 7444163446305869064
2025-11-17 10:28:14 - __main__ - INFO - ✅ [369/450] Sent video: 7211032857492409626
2025-11-17 10:28:15 - __main__ - INFO - ✅ [370/450] Sent video: 7448961051560824069
2025-11-17 10:28:16 - __main__ - INFO - ✅ [371/450] Sent video: 7453826074569395463
2025-11-17 10:28:17 - __main__ - INFO - ✅ [372/450] Sent video: 7361038130301897991
2025-11-17 10:28:18 - __main__ - INFO - ✅ [373/450] Sent video: 7289648594846534919
2025-11-17 10:28:19 - __main__ - INFO - ✅ [374/450] Sent video: 7528642559250402561
2025-11-17 10:28:20 - __main__ - INFO - ✅ [375/450] Sent video: 7257146715919158533
2025-11-17 10:28:21 - __main__ - INFO - ✅ [376/450] Sent video: 7463680875226467592
2025-11-17 10:28:22 - __main__ - INFO - ✅ [377/450] Sent video: 7550658346299477265
2025-11-17 10:28:23 - __main__ - INFO - ✅ [378/450] Sent video: 7547770228285918482
2025-11-17 10:28:24 - __main__ - INFO - ✅ [379/450] Sent video: 7555454041694752007
2025-11-17 10:28:25 - __main__ - INFO - ✅ [380/450] Sent video: 7572563032086187284
2025-11-17 10:28:26 - __main__ - INFO - ✅ [381/450] Sent video: 7449021457771924744
2025-11-17 10:28:27 - __main__ - INFO - ✅ [382/450] Sent video: 7522745336801037569
2025-11-17 10:28:28 - __main__ - INFO - ✅ [383/450] Sent video: 7349386612926647554
2025-11-17 10:28:29 - __main__ - INFO - ✅ [384/450] Sent video: 7093186453445954843
2025-11-17 10:28:30 - __main__ - INFO - ✅ [385/450] Sent video: 7573339930282167559
2025-11-17 10:28:31 - __main__ - INFO - ✅ [386/450] Sent video: 7490101889720208646
2025-11-17 10:28:32 - __main__ - INFO - ✅ [387/450] Sent video: 7570283739054394644
2025-11-17 10:28:33 - __main__ - INFO - ✅ [388/450] Sent video: 7540512174750387477
2025-11-17 10:28:34 - __main__ - INFO - ✅ [389/450] Sent video: 7479113998839926024
2025-11-17 10:28:35 - __main__ - INFO - ✅ [390/450] Sent video: 6943672749990661382
2025-11-17 10:28:36 - __main__ - INFO - ✅ [391/450] Sent video: 7487947029583318277
2025-11-17 10:28:37 - __main__ - INFO - ✅ [392/450] Sent video: 7569838960659238152
2025-11-17 10:28:38 - __main__ - INFO - ✅ [393/450] Sent video: 7516160779687693575
2025-11-17 10:28:39 - __main__ - INFO - ✅ [394/450] Sent video: 7481873724287847700
2025-11-17 10:28:40 - __main__ - INFO - ✅ [395/450] Sent video: 7564025842112679176
2025-11-17 10:28:41 - __main__ - INFO - ✅ [396/450] Sent video: 7476812401279634695
2025-11-17 10:28:42 - __main__ - INFO - ✅ [397/450] Sent video: 7360196481673989392
2025-11-17 10:28:43 - __main__ - INFO - ✅ [398/450] Sent video: 7258651963452165381
2025-11-17 10:28:44 - __main__ - INFO - ✅ [399/450] Sent video: 7571416215936060679
2025-11-17 10:28:45 - __main__ - INFO - ✅ [400/450] Sent video: 7569068199891815687
2025-11-17 10:28:46 - __main__ - INFO - ✅ [401/450] Sent video: 7167646432986451202
2025-11-17 10:28:47 - __main__ - INFO - ✅ [402/450] Sent video: 7556984041212235015
2025-11-17 10:28:48 - __main__ - INFO - ✅ [403/450] Sent video: 7531382422890482951
2025-11-17 10:28:49 - __main__ - INFO - ✅ [404/450] Sent video: 7495620276697173256
2025-11-17 10:28:50 - __main__ - INFO - ✅ [405/450] Sent video: 7379996633703976209
2025-11-17 10:28:51 - __main__ - INFO - ✅ [406/450] Sent video: 7435954912397167890
2025-11-17 10:28:52 - __main__ - INFO - ✅ [407/450] Sent video: 7558443079703858440
2025-11-17 10:28:53 - __main__ - INFO - ✅ [408/450] Sent video: 7021924014914374938
2025-11-17 10:28:54 - __main__ - INFO - ✅ [409/450] Sent video: 7455638970572131591
2025-11-17 10:28:55 - __main__ - INFO - ✅ [410/450] Sent video: 7573305983057825032
2025-11-17 10:28:56 - __main__ - INFO - ✅ [411/450] Sent video: 7573235306502180117
2025-11-17 10:28:57 - __main__ - INFO - ✅ [412/450] Sent video: 7573287266261519624
2025-11-17 10:28:58 - __main__ - INFO - ✅ [413/450] Sent video: 7555505828585901320
2025-11-17 10:28:59 - __main__ - INFO - ✅ [414/450] Sent video: 7458504032647171346
2025-11-17 10:29:00 - __main__ - INFO - ✅ [415/450] Sent video: 7567221461660749077
2025-11-17 10:29:01 - __main__ - INFO - ✅ [416/450] Sent video: 7562942834894982422
2025-11-17 10:29:02 - __main__ - INFO - ✅ [417/450] Sent video: 7564678303009803542
2025-11-17 10:29:03 - __main__ - INFO - ✅ [418/450] Sent video: 7566860880835628295
2025-11-17 10:29:04 - __main__ - INFO - ✅ [419/450] Sent video: 7546191483679051015
2025-11-17 10:29:05 - __main__ - INFO - ✅ [420/450] Sent video: 7566972858245729552
2025-11-17 10:29:06 - __main__ - INFO - ✅ [421/450] Sent video: 7333530344450313479
2025-11-17 10:29:07 - __main__ - INFO - ✅ [422/450] Sent video: 7324188803269217537
2025-11-17 10:29:08 - __main__ - INFO - ✅ [423/450] Sent video: 7357349268388154644
2025-11-17 10:29:09 - __main__ - INFO - ✅ [424/450] Sent video: 7533620266866380050
2025-11-17 10:29:10 - __main__ - INFO - ✅ [425/450] Sent video: 7337307163401964802
2025-11-17 10:29:11 - __main__ - INFO - ✅ [426/450] Sent video: 7572469488868740373
2025-11-17 10:29:12 - __main__ - INFO - ✅ [427/450] Sent video: 7519882382208453895
2025-11-17 10:29:13 - __main__ - INFO - ✅ [428/450] Sent video: 7564220042242444551
2025-11-17 10:29:14 - __main__ - INFO - ✅ [429/450] Sent video: 7268516065007783174
2025-11-17 10:29:15 - __main__ - INFO - ✅ [430/450] Sent video: 7559080088701095186
2025-11-17 10:29:16 - __main__ - INFO - ✅ [431/450] Sent video: 7562186606417988872
2025-11-17 10:29:17 - __main__ - INFO - ✅ [432/450] Sent video: 7563273959379291412
2025-11-17 10:29:18 - __main__ - INFO - ✅ [433/450] Sent video: 7452404633349164310
2025-11-17 10:29:19 - __main__ - INFO - ✅ [434/450] Sent video: 7554780418441104647
2025-11-17 10:29:20 - __main__ - INFO - ✅ [435/450] Sent video: 7562654424343039254
2025-11-17 10:29:21 - __main__ - INFO - ✅ [436/450] Sent video: 7558105140402654471
2025-11-17 10:29:22 - __main__ - INFO - ✅ [437/450] Sent video: 7565919082797649173
2025-11-17 10:29:23 - __main__ - INFO - ✅ [438/450] Sent video: 7497822433584663854
2025-11-17 10:29:24 - __main__ - INFO - ✅ [439/450] Sent video: 7175819743964794139
2025-11-17 10:29:25 - __main__ - INFO - ✅ [440/450] Sent video: 7201702452758842651
2025-11-17 10:29:26 - __main__ - INFO - ✅ [441/450] Sent video: 7535528365504220423
2025-11-17 10:29:27 - __main__ - INFO - ✅ [442/450] Sent video: 7571443203207990535
2025-11-17 10:29:28 - __main__ - INFO - ✅ [443/450] Sent video: 7470190190347210001
2025-11-17 10:29:29 - __main__ - INFO - ✅ [444/450] Sent video: 7304334128516795681
2025-11-17 10:29:30 - __main__ - INFO - ✅ [445/450] Sent video: 7221201413248994603
2025-11-17 10:29:31 - __main__ - INFO - ✅ [446/450] Sent video: 7374492734234594568
2025-11-17 10:29:32 - __main__ - INFO - ✅ [447/450] Sent video: 7571835349891304725
2025-11-17 10:29:33 - __main__ - INFO - ✅ [448/450] Sent video: 7482240250207653136
2025-11-17 10:29:34 - __main__ - INFO - ✅ [449/450] Sent video: 7492779499646356758
2025-11-17 10:29:35 - __main__ - INFO - ✅ [450/450] Sent video: 7367077438171450630
2025-11-17 10:29:35 - __main__ - INFO - ============================================================
2025-11-17 10:29:35 - __main__ - INFO - 🎉 COMPLETED: 450/450 videos sent successfully
2025-11-17 10:29:35 - __main__ - INFO - ============================================================
2025-11-17 10:29:35 - clients.kafka_client - INFO - Flushing remaining messages and closing Kafka producer...
2025-11-17 10:29:35 - kafka.producer.kafka - INFO - <KafkaProducer client_id=kafka-python-producer-1 transactional_id=None>: Closing the Kafka producer with 9223372036.0 secs timeout.
2025-11-17 10:29:35 - kafka.conn - INFO - <BrokerConnection client_id=kafka-python-producer-1, node_id=1 host=localhost:9092 <connected> [IPv6 ('::1', 9092, 0, 0)]>: Closing connection. 
2025-11-17 10:29:35 - clients.kafka_client - INFO - Kafka producer closed successfully
2025-11-17 10:37:39 - kafka.conn - INFO - <BrokerConnection client_id=kafka-python-producer-1, node_id=bootstrap-0 host=localhost:9092 <connecting> [IPv6 ('::1', 9092, 0, 0)]>: connecting to localhost:9092 [('::1', 9092, 0, 0) IPv6]
2025-11-17 10:37:39 - kafka.conn - INFO - <BrokerConnection client_id=kafka-python-producer-1, node_id=bootstrap-0 host=localhost:9092 <checking_api_versions_recv> [IPv6 ('::1', 9092, 0, 0)]>: Broker version identified as 2.6
2025-11-17 10:37:39 - kafka.conn - INFO - <BrokerConnection client_id=kafka-python-producer-1, node_id=bootstrap-0 host=localhost:9092 <connected> [IPv6 ('::1', 9092, 0, 0)]>: Connection complete.
2025-11-17 10:37:39 - clients.kafka_client - INFO - Successfully connected to Kafka brokers at ['localhost:9092']
2025-11-17 10:37:39 - __main__ - INFO - 🧪 Running in MOCK mode - Loading from CSV
2025-11-17 10:37:39 - __main__ - INFO - ============================================================
2025-11-17 10:37:39 - __main__ - INFO - 🚀 STARTING PRODUCER - MOCK MODE
2025-11-17 10:37:39 - __main__ - INFO - ============================================================
2025-11-17 10:37:39 - loaders.csv_loader - INFO - Reading CSV file: /home/giakiet05/programming/projects/tiktok-trend-detector/data/raw_tiktok_data.csv
2025-11-17 10:37:39 - loaders.csv_loader - INFO - Parsed 5 videos...
2025-11-17 10:37:39 - loaders.csv_loader - INFO - Parsed 10 videos...
2025-11-17 10:37:39 - loaders.csv_loader - INFO - Parsed 15 videos...
2025-11-17 10:37:39 - loaders.csv_loader - INFO - Parsed 20 videos...
2025-11-17 10:37:39 - loaders.csv_loader - INFO - Parsed 25 videos...
2025-11-17 10:37:39 - loaders.csv_loader - INFO - Parsed 30 videos...
2025-11-17 10:37:39 - loaders.csv_loader - INFO - Parsed 35 videos...
2025-11-17 10:37:39 - loaders.csv_loader - INFO - Parsed 40 videos...
2025-11-17 10:37:39 - loaders.csv_loader - INFO - Parsed 45 videos...
2025-11-17 10:37:39 - loaders.csv_loader - INFO - Parsed 50 videos...
2025-11-17 10:37:39 - loaders.csv_loader - INFO - Parsed 55 videos...
2025-11-17 10:37:39 - loaders.csv_loader - INFO - Parsed 60 videos...
2025-11-17 10:37:39 - loaders.csv_loader - INFO - Parsed 65 videos...
2025-11-17 10:37:39 - loaders.csv_loader - INFO - Parsed 70 videos...
2025-11-17 10:37:39 - loaders.csv_loader - INFO - Parsed 75 videos...
2025-11-17 10:37:39 - loaders.csv_loader - INFO - Parsed 80 videos...
2025-11-17 10:37:39 - loaders.csv_loader - INFO - Parsed 85 videos...
2025-11-17 10:37:39 - loaders.csv_loader - INFO - Parsed 90 videos...
2025-11-17 10:37:39 - loaders.csv_loader - INFO - Parsed 95 videos...
2025-11-17 10:37:39 - loaders.csv_loader - INFO - Parsed 100 videos...
2025-11-17 10:37:39 - loaders.csv_loader - INFO - Parsed 105 videos...
2025-11-17 10:37:39 - loaders.csv_loader - INFO - Parsed 110 videos...
2025-11-17 10:37:39 - loaders.csv_loader - INFO - Parsed 115 videos...
2025-11-17 10:37:39 - loaders.csv_loader - INFO - Parsed 120 videos...
2025-11-17 10:37:39 - loaders.csv_loader - INFO - Parsed 125 videos...
2025-11-17 10:37:39 - loaders.csv_loader - INFO - Parsed 130 videos...
2025-11-17 10:37:39 - loaders.csv_loader - INFO - Parsed 135 videos...
2025-11-17 10:37:39 - loaders.csv_loader - INFO - Parsed 140 videos...
2025-11-17 10:37:39 - loaders.csv_loader - INFO - Parsed 145 videos...
2025-11-17 10:37:39 - loaders.csv_loader - INFO - Parsed 150 videos...
2025-11-17 10:37:39 - loaders.csv_loader - INFO - Parsed 155 videos...
2025-11-17 10:37:39 - loaders.csv_loader - INFO - Parsed 160 videos...
2025-11-17 10:37:39 - loaders.csv_loader - INFO - Parsed 165 videos...
2025-11-17 10:37:39 - loaders.csv_loader - INFO - Parsed 170 videos...
2025-11-17 10:37:39 - loaders.csv_loader - INFO - Parsed 175 videos...
2025-11-17 10:37:39 - loaders.csv_loader - INFO - Parsed 180 videos...
2025-11-17 10:37:39 - loaders.csv_loader - INFO - Parsed 185 videos...
2025-11-17 10:37:39 - loaders.csv_loader - INFO - Parsed 190 videos...
2025-11-17 10:37:39 - loaders.csv_loader - INFO - Parsed 195 videos...
2025-11-17 10:37:39 - loaders.csv_loader - INFO - Parsed 200 videos...
2025-11-17 10:37:39 - loaders.csv_loader - INFO - Parsed 205 videos...
2025-11-17 10:37:39 - loaders.csv_loader - INFO - Parsed 210 videos...
2025-11-17 10:37:39 - loaders.csv_loader - INFO - Parsed 215 videos...
2025-11-17 10:37:39 - loaders.csv_loader - INFO - Parsed 220 videos...
2025-11-17 10:37:39 - loaders.csv_loader - INFO - Parsed 225 videos...
2025-11-17 10:37:39 - loaders.csv_loader - INFO - Parsed 230 videos...
2025-11-17 10:37:39 - loaders.csv_loader - INFO - Parsed 235 videos...
2025-11-17 10:37:39 - loaders.csv_loader - INFO - Parsed 240 videos...
2025-11-17 10:37:39 - loaders.csv_loader - INFO - Parsed 245 videos...
2025-11-17 10:37:39 - loaders.csv_loader - INFO - Parsed 250 videos...
2025-11-17 10:37:39 - loaders.csv_loader - INFO - Parsed 255 videos...
2025-11-17 10:37:39 - loaders.csv_loader - INFO - Parsed 260 videos...
2025-11-17 10:37:39 - loaders.csv_loader - INFO - Parsed 265 videos...
2025-11-17 10:37:39 - loaders.csv_loader - INFO - Parsed 270 videos...
2025-11-17 10:37:39 - loaders.csv_loader - INFO - Parsed 275 videos...
2025-11-17 10:37:39 - loaders.csv_loader - INFO - Parsed 280 videos...
2025-11-17 10:37:39 - loaders.csv_loader - INFO - Parsed 285 videos...
2025-11-17 10:37:39 - loaders.csv_loader - INFO - Parsed 290 videos...
2025-11-17 10:37:39 - loaders.csv_loader - INFO - Parsed 295 videos...
2025-11-17 10:37:39 - loaders.csv_loader - INFO - Parsed 300 videos...
2025-11-17 10:37:39 - loaders.csv_loader - INFO - Parsed 305 videos...
2025-11-17 10:37:39 - loaders.csv_loader - INFO - Parsed 310 videos...
2025-11-17 10:37:39 - loaders.csv_loader - INFO - Parsed 315 videos...
2025-11-17 10:37:39 - loaders.csv_loader - INFO - Parsed 320 videos...
2025-11-17 10:37:39 - loaders.csv_loader - INFO - Parsed 325 videos...
2025-11-17 10:37:39 - loaders.csv_loader - INFO - Parsed 330 videos...
2025-11-17 10:37:39 - loaders.csv_loader - INFO - Parsed 335 videos...
2025-11-17 10:37:39 - loaders.csv_loader - INFO - Parsed 340 videos...
2025-11-17 10:37:39 - loaders.csv_loader - INFO - Parsed 345 videos...
2025-11-17 10:37:39 - loaders.csv_loader - INFO - Parsed 350 videos...
2025-11-17 10:37:39 - loaders.csv_loader - INFO - Parsed 355 videos...
2025-11-17 10:37:39 - loaders.csv_loader - INFO - Parsed 360 videos...
2025-11-17 10:37:39 - loaders.csv_loader - INFO - Parsed 365 videos...
2025-11-17 10:37:39 - loaders.csv_loader - INFO - Parsed 370 videos...
2025-11-17 10:37:39 - loaders.csv_loader - INFO - Parsed 375 videos...
2025-11-17 10:37:39 - loaders.csv_loader - INFO - Parsed 380 videos...
2025-11-17 10:37:39 - loaders.csv_loader - INFO - Parsed 385 videos...
2025-11-17 10:37:39 - loaders.csv_loader - INFO - Parsed 390 videos...
2025-11-17 10:37:39 - loaders.csv_loader - INFO - Parsed 395 videos...
2025-11-17 10:37:39 - loaders.csv_loader - INFO - Parsed 400 videos...
2025-11-17 10:37:39 - loaders.csv_loader - INFO - Parsed 405 videos...
2025-11-17 10:37:39 - loaders.csv_loader - INFO - Parsed 410 videos...
2025-11-17 10:37:39 - loaders.csv_loader - INFO - Parsed 415 videos...
2025-11-17 10:37:39 - loaders.csv_loader - INFO - Parsed 420 videos...
2025-11-17 10:37:39 - loaders.csv_loader - INFO - Parsed 425 videos...
2025-11-17 10:37:39 - loaders.csv_loader - INFO - Parsed 430 videos...
2025-11-17 10:37:39 - loaders.csv_loader - INFO - Parsed 435 videos...
2025-11-17 10:37:39 - loaders.csv_loader - INFO - Parsed 440 videos...
2025-11-17 10:37:39 - loaders.csv_loader - INFO - Parsed 445 videos...
2025-11-17 10:37:39 - loaders.csv_loader - INFO - Parsed 450 videos...
2025-11-17 10:37:39 - loaders.csv_loader - INFO - Successfully loaded 450 videos from CSV
2025-11-17 10:37:39 - __main__ - INFO - 📦 Will send 450 videos to Kafka topic: tiktok-raw-data
2025-11-17 10:37:40 - kafka.conn - INFO - <BrokerConnection client_id=kafka-python-producer-1, node_id=1 host=localhost:9092 <connecting> [IPv6 ('::1', 9092, 0, 0)]>: connecting to localhost:9092 [('::1', 9092, 0, 0) IPv6]
2025-11-17 10:37:40 - kafka.conn - INFO - <BrokerConnection client_id=kafka-python-producer-1, node_id=1 host=localhost:9092 <connected> [IPv6 ('::1', 9092, 0, 0)]>: Connection complete.
2025-11-17 10:37:40 - kafka.conn - INFO - <BrokerConnection client_id=kafka-python-producer-1, node_id=bootstrap-0 host=localhost:9092 <connected> [IPv6 ('::1', 9092, 0, 0)]>: Closing connection. 
2025-11-17 10:37:40 - kafka.cluster - ERROR - Topic tiktok-raw-data not found in cluster metadata
2025-11-17 10:37:41 - __main__ - INFO - ✅ [1/450] Sent video: 7559033570702953736
2025-11-17 10:37:42 - __main__ - INFO - ✅ [2/450] Sent video: 7430682473421393159
2025-11-17 10:37:43 - __main__ - INFO - ✅ [3/450] Sent video: 7534370586135383303
2025-11-17 10:37:44 - __main__ - INFO - ✅ [4/450] Sent video: 7310454853015293186
2025-11-17 10:37:45 - __main__ - INFO - ✅ [5/450] Sent video: 7533964384045894919
2025-11-17 10:37:46 - __main__ - INFO - ✅ [6/450] Sent video: 7455906120046038290
2025-11-17 10:37:47 - __main__ - INFO - ✅ [7/450] Sent video: 7544299403599695112
2025-11-17 10:37:48 - __main__ - INFO - ✅ [8/450] Sent video: 7517485342736305415
2025-11-17 10:37:49 - __main__ - INFO - ✅ [9/450] Sent video: 7475211892831603984
2025-11-17 10:37:50 - __main__ - INFO - ✅ [10/450] Sent video: 7428959761393143058
2025-11-17 10:37:51 - __main__ - INFO - ✅ [11/450] Sent video: 7429940021949418770
2025-11-17 10:37:52 - __main__ - INFO - ✅ [12/450] Sent video: 7416351643177962773
2025-11-17 10:37:53 - __main__ - INFO - ✅ [13/450] Sent video: 7305403338655419666
2025-11-17 10:37:54 - __main__ - INFO - ✅ [14/450] Sent video: 7417693541566123282
2025-11-17 10:37:55 - __main__ - INFO - ✅ [15/450] Sent video: 7567361673862909204
2025-11-17 10:37:56 - __main__ - INFO - ✅ [16/450] Sent video: 7572908837951343890
2025-11-17 10:37:57 - __main__ - INFO - ✅ [17/450] Sent video: 7573323983215398164
2025-11-17 10:37:58 - __main__ - INFO - ✅ [18/450] Sent video: 7532474140432190727
2025-11-17 10:37:59 - __main__ - INFO - ✅ [19/450] Sent video: 7573317491632655636
2025-11-17 10:38:00 - __main__ - INFO - ✅ [20/450] Sent video: 7384758634321841426
2025-11-17 10:38:01 - __main__ - INFO - ✅ [21/450] Sent video: 7572251855795883282
2025-11-17 10:38:02 - __main__ - INFO - ✅ [22/450] Sent video: 7491939865081285895
2025-11-17 10:38:03 - __main__ - INFO - ✅ [23/450] Sent video: 7538764659583733000
2025-11-17 10:38:04 - __main__ - INFO - ✅ [24/450] Sent video: 7553633057673104658
2025-11-17 10:38:05 - __main__ - INFO - ✅ [25/450] Sent video: 7486756939578330375
2025-11-17 10:38:06 - __main__ - INFO - ✅ [26/450] Sent video: 7389500365676268820
2025-11-17 10:38:07 - __main__ - INFO - ✅ [27/450] Sent video: 7559033570702953736
2025-11-17 10:38:08 - __main__ - INFO - ✅ [28/450] Sent video: 7560965955971484946
2025-11-17 10:38:09 - __main__ - INFO - ✅ [29/450] Sent video: 7568810488621010196
2025-11-17 10:38:10 - __main__ - INFO - ✅ [30/450] Sent video: 7518977959819218194
2025-11-17 10:38:11 - __main__ - INFO - ✅ [31/450] Sent video: 7572079643700759815
2025-11-17 10:38:12 - __main__ - INFO - ✅ [32/450] Sent video: 7539069490760338709
2025-11-17 10:38:13 - __main__ - INFO - ✅ [33/450] Sent video: 7551765862282235153
2025-11-17 10:38:14 - __main__ - INFO - ✅ [34/450] Sent video: 7571431806856154386
2025-11-17 10:38:15 - __main__ - INFO - ✅ [35/450] Sent video: 7543121156597910792
2025-11-17 10:38:16 - __main__ - INFO - ✅ [36/450] Sent video: 7485551146937912583
2025-11-17 10:38:17 - __main__ - INFO - ✅ [37/450] Sent video: 7540591529388264712
2025-11-17 10:38:18 - __main__ - INFO - ✅ [38/450] Sent video: 7551763376251161874
2025-11-17 10:38:19 - __main__ - INFO - ✅ [39/450] Sent video: 7528751560252247317
2025-11-17 10:38:20 - __main__ - INFO - ✅ [40/450] Sent video: 7500906912058232072
2025-11-17 10:38:21 - __main__ - INFO - ✅ [41/450] Sent video: 7568460345480629511
2025-11-17 10:38:22 - __main__ - INFO - ✅ [42/450] Sent video: 7442177181733653768
2025-11-17 10:38:23 - __main__ - INFO - ✅ [43/450] Sent video: 7566976514844134674
2025-11-17 10:38:24 - __main__ - INFO - ✅ [44/450] Sent video: 7510601817131158800
2025-11-17 10:38:25 - __main__ - INFO - ✅ [45/450] Sent video: 7573362166779186439
2025-11-17 10:38:26 - __main__ - INFO - ✅ [46/450] Sent video: 7559224291481488648
2025-11-17 10:38:27 - __main__ - INFO - ✅ [47/450] Sent video: 7572177453683100936
2025-11-17 10:38:28 - __main__ - INFO - ✅ [48/450] Sent video: 7400258542491520264
2025-11-17 10:38:29 - __main__ - INFO - ✅ [49/450] Sent video: 7562150123011116296
2025-11-17 10:38:30 - __main__ - INFO - ✅ [50/450] Sent video: 7497202274331151634
2025-11-17 10:38:31 - __main__ - INFO - ✅ [51/450] Sent video: 7393148904927235336
2025-11-17 10:38:32 - __main__ - INFO - ✅ [52/450] Sent video: 7563145482592079121
2025-11-17 10:38:33 - __main__ - INFO - ✅ [53/450] Sent video: 7366918770968825089
2025-11-17 10:38:34 - __main__ - INFO - ✅ [54/450] Sent video: 7570583922782768391
2025-11-17 10:38:35 - __main__ - INFO - ✅ [55/450] Sent video: 7476851868665154832
2025-11-17 10:38:36 - __main__ - INFO - ✅ [56/450] Sent video: 7573475876440935688
2025-11-17 10:38:37 - __main__ - INFO - ✅ [57/450] Sent video: 7566996590632701202
2025-11-17 10:38:38 - __main__ - INFO - ✅ [58/450] Sent video: 7572029583969619217
2025-11-17 10:38:39 - __main__ - INFO - ✅ [59/450] Sent video: 7557706507484171536
2025-11-17 10:38:40 - __main__ - INFO - ✅ [60/450] Sent video: 7528402227304647937
2025-11-17 10:38:41 - __main__ - INFO - ✅ [61/450] Sent video: 7554961221632478482
2025-11-17 10:38:42 - __main__ - INFO - ✅ [62/450] Sent video: 7230021201114991877
2025-11-17 10:38:43 - __main__ - INFO - ✅ [63/450] Sent video: 7233041204999359749
2025-11-17 10:38:44 - __main__ - INFO - ✅ [64/450] Sent video: 7518970142055746824
2025-11-17 10:38:45 - __main__ - INFO - ✅ [65/450] Sent video: 7549955927579954450
2025-11-17 10:38:46 - __main__ - INFO - ✅ [66/450] Sent video: 7564467170449624338
2025-11-17 10:38:47 - __main__ - INFO - ✅ [67/450] Sent video: 7532817699764800786
2025-11-17 10:38:48 - __main__ - INFO - ✅ [68/450] Sent video: 7377731442136108296
2025-11-17 10:38:49 - __main__ - INFO - ✅ [69/450] Sent video: 7455552971380641031
2025-11-17 10:38:50 - __main__ - INFO - ✅ [70/450] Sent video: 7294664130827488513
2025-11-17 10:38:51 - __main__ - INFO - ✅ [71/450] Sent video: 7505967308179819784
2025-11-17 10:38:52 - __main__ - INFO - ✅ [72/450] Sent video: 7519366962711923976
2025-11-17 10:38:53 - __main__ - INFO - ✅ [73/450] Sent video: 7482680544304565512
2025-11-17 10:38:54 - __main__ - INFO - ✅ [74/450] Sent video: 7499106026470329655
2025-11-17 10:38:55 - __main__ - INFO - ✅ [75/450] Sent video: 7556916508656405767
2025-11-17 10:38:56 - __main__ - INFO - ✅ [76/450] Sent video: 7277163430572870919
2025-11-17 10:38:57 - __main__ - INFO - ✅ [77/450] Sent video: 7237115723691068677
2025-11-17 10:38:58 - __main__ - INFO - ✅ [78/450] Sent video: 7241557412589686021
2025-11-17 10:38:59 - __main__ - INFO - ✅ [79/450] Sent video: 7295011823550500104
2025-11-17 10:39:00 - __main__ - INFO - ✅ [80/450] Sent video: 7559368664319790354
2025-11-17 10:39:01 - __main__ - INFO - ✅ [81/450] Sent video: 7549047984881814791
2025-11-17 10:39:02 - __main__ - INFO - ✅ [82/450] Sent video: 7550542614085258503
2025-11-17 10:39:03 - __main__ - INFO - ✅ [83/450] Sent video: 7458466142353378568
2025-11-17 10:39:04 - __main__ - INFO - ✅ [84/450] Sent video: 7569595249031662868
2025-11-17 10:39:05 - __main__ - INFO - ✅ [85/450] Sent video: 7572914157884902664
2025-11-17 10:39:06 - __main__ - INFO - ✅ [86/450] Sent video: 7550287332386016532
2025-11-17 10:39:07 - __main__ - INFO - ✅ [87/450] Sent video: 7570982103379102996
2025-11-17 10:39:08 - __main__ - INFO - ✅ [88/450] Sent video: 7572608824574627092
2025-11-17 10:39:09 - __main__ - INFO - ✅ [89/450] Sent video: 7306327242378988802
2025-11-17 10:39:10 - __main__ - INFO - ✅ [90/450] Sent video: 7571985216940690709
2025-11-17 10:39:11 - __main__ - INFO - ✅ [91/450] Sent video: 7366918770968825089
2025-11-17 10:39:12 - __main__ - INFO - ✅ [92/450] Sent video: 7259018453988674822
2025-11-17 10:39:13 - __main__ - INFO - ✅ [93/450] Sent video: 7155472820066094363
2025-11-17 10:39:14 - __main__ - INFO - ✅ [94/450] Sent video: 7490581995026828562
2025-11-17 10:39:15 - __main__ - INFO - ✅ [95/450] Sent video: 7429938372208119047
2025-11-17 10:39:16 - __main__ - INFO - ✅ [96/450] Sent video: 7462991490621443346
2025-11-17 10:39:17 - __main__ - INFO - ✅ [97/450] Sent video: 7445928571526221072
2025-11-17 10:39:18 - __main__ - INFO - ✅ [98/450] Sent video: 7562544815754251527
2025-11-17 10:39:19 - __main__ - INFO - ✅ [99/450] Sent video: 7430673946292342033
2025-11-17 10:39:20 - __main__ - INFO - ✅ [100/450] Sent video: 7523206582432189703
2025-11-17 10:39:21 - __main__ - INFO - ✅ [101/450] Sent video: 7256743997438266630
2025-11-17 10:39:22 - __main__ - INFO - ✅ [102/450] Sent video: 7483484748002626834
2025-11-17 10:39:23 - __main__ - INFO - ✅ [103/450] Sent video: 7516886202285493511
2025-11-17 10:39:24 - __main__ - INFO - ✅ [104/450] Sent video: 7516531801565728020
2025-11-17 10:39:25 - __main__ - INFO - ✅ [105/450] Sent video: 7356938569367309584
2025-11-17 10:39:26 - __main__ - INFO - ✅ [106/450] Sent video: 7549955927579954450
2025-11-17 10:39:27 - __main__ - INFO - ✅ [107/450] Sent video: 7474690188585848072
2025-11-17 10:39:28 - __main__ - INFO - ✅ [108/450] Sent video: 7568520778027683079
2025-11-17 10:39:29 - __main__ - INFO - ✅ [109/450] Sent video: 7557569945786223890
2025-11-17 10:39:30 - __main__ - INFO - ✅ [110/450] Sent video: 7533884762423823624
2025-11-17 10:39:31 - __main__ - INFO - ✅ [111/450] Sent video: 7361074905850383623
2025-11-17 10:39:32 - __main__ - INFO - ✅ [112/450] Sent video: 7495845506313129222
2025-11-17 10:39:33 - __main__ - INFO - ✅ [113/450] Sent video: 7340641688802741505
2025-11-17 10:39:34 - __main__ - INFO - ✅ [114/450] Sent video: 7270862224737045766
2025-11-17 10:39:35 - __main__ - INFO - ✅ [115/450] Sent video: 7514322270945479944
2025-11-17 10:39:36 - __main__ - INFO - ✅ [116/450] Sent video: 7473342565115251969
2025-11-17 10:39:37 - __main__ - INFO - ✅ [117/450] Sent video: 7447819559932792072
2025-11-17 10:39:38 - __main__ - INFO - ✅ [118/450] Sent video: 7492411010528070919
2025-11-17 10:39:39 - __main__ - INFO - ✅ [119/450] Sent video: 7456724791265873159
2025-11-17 10:39:40 - __main__ - INFO - ✅ [120/450] Sent video: 7545821695458708754
2025-11-17 10:39:41 - __main__ - INFO - ✅ [121/450] Sent video: 7527663983592099079
2025-11-17 10:39:42 - __main__ - INFO - ✅ [122/450] Sent video: 7473764551058541825
2025-11-17 10:39:43 - __main__ - INFO - ✅ [123/450] Sent video: 7486356639809850631
2025-11-17 10:39:44 - __main__ - INFO - ✅ [124/450] Sent video: 7302786535718489345
2025-11-17 10:39:45 - __main__ - INFO - ✅ [125/450] Sent video: 7492319877118594311
2025-11-17 10:39:46 - __main__ - INFO - ✅ [126/450] Sent video: 7496872825647566088
2025-11-17 10:39:47 - __main__ - INFO - ✅ [127/450] Sent video: 7552928528510029076
2025-11-17 10:39:48 - __main__ - INFO - ✅ [128/450] Sent video: 7513856953630723346
2025-11-17 10:39:49 - __main__ - INFO - ✅ [129/450] Sent video: 7567407789287427346
2025-11-17 10:39:50 - __main__ - INFO - ✅ [130/450] Sent video: 7495103045701766422
2025-11-17 10:39:51 - __main__ - INFO - ✅ [131/450] Sent video: 7344949736207781122
2025-11-17 10:39:52 - __main__ - INFO - ✅ [132/450] Sent video: 7328272627217353986
2025-11-17 10:39:53 - __main__ - INFO - ✅ [133/450] Sent video: 7488567422841130295
2025-11-17 10:39:54 - __main__ - INFO - ✅ [134/450] Sent video: 7572155742514384149
2025-11-17 10:39:55 - __main__ - INFO - ✅ [135/450] Sent video: 7305403338655419666
2025-11-17 10:39:56 - __main__ - INFO - ✅ [136/450] Sent video: 7483484748002626834
2025-11-17 10:39:57 - __main__ - INFO - ✅ [137/450] Sent video: 7535751114130509064
2025-11-17 10:39:58 - __main__ - INFO - ✅ [138/450] Sent video: 7557569945786223890
2025-11-17 10:39:59 - __main__ - INFO - ✅ [139/450] Sent video: 7319039997892513026
2025-11-17 10:40:00 - __main__ - INFO - ✅ [140/450] Sent video: 7567361673862909204
2025-11-17 10:40:01 - __main__ - INFO - ✅ [141/450] Sent video: 7551440345779817736
2025-11-17 10:40:02 - __main__ - INFO - ✅ [142/450] Sent video: 7566925802470870293
2025-11-17 10:40:03 - __main__ - INFO - ✅ [143/450] Sent video: 7538464040679443730
2025-11-17 10:40:04 - __main__ - INFO - ✅ [144/450] Sent video: 7554240445149187335
2025-11-17 10:40:05 - __main__ - INFO - ✅ [145/450] Sent video: 7572449222201462023
2025-11-17 10:40:06 - __main__ - INFO - ✅ [146/450] Sent video: 7544974406100077832
2025-11-17 10:40:07 - __main__ - INFO - ✅ [147/450] Sent video: 7373876934750539026
2025-11-17 10:40:08 - __main__ - INFO - ✅ [148/450] Sent video: 7492017976347069704
2025-11-17 10:40:09 - __main__ - INFO - ✅ [149/450] Sent video: 7518228767450483975
2025-11-17 10:40:10 - __main__ - INFO - ✅ [150/450] Sent video: 7565448018745511186
2025-11-17 10:40:11 - __main__ - INFO - ✅ [151/450] Sent video: 7388786167828761873
2025-11-17 10:40:12 - __main__ - INFO - ✅ [152/450] Sent video: 7564638355883871509
2025-11-17 10:40:13 - __main__ - INFO - ✅ [153/450] Sent video: 7533572832928730376
2025-11-17 10:40:14 - __main__ - INFO - ✅ [154/450] Sent video: 7430436164240461064
2025-11-17 10:40:15 - __main__ - INFO - ✅ [155/450] Sent video: 7457074641106898184
2025-11-17 10:40:16 - __main__ - INFO - ✅ [156/450] Sent video: 7342730199882075410
2025-11-17 10:40:17 - __main__ - INFO - ✅ [157/450] Sent video: 7557766190664355080
2025-11-17 10:40:18 - __main__ - INFO - ✅ [158/450] Sent video: 7567407789287427346
2025-11-17 10:40:19 - __main__ - INFO - ✅ [159/450] Sent video: 7474143709924281608
2025-11-17 10:40:20 - __main__ - INFO - ✅ [160/450] Sent video: 7565166603822746888
2025-11-17 10:40:21 - __main__ - INFO - ✅ [161/450] Sent video: 7542425219173043463
2025-11-17 10:40:22 - __main__ - INFO - ✅ [162/450] Sent video: 7537526839707733256
2025-11-17 10:40:23 - __main__ - INFO - ✅ [163/450] Sent video: 7559760897338559751
2025-11-17 10:40:24 - __main__ - INFO - ✅ [164/450] Sent video: 7486756939578330375
2025-11-17 10:40:25 - __main__ - INFO - ✅ [165/450] Sent video: 7561447690647637268
2025-11-17 10:40:26 - __main__ - INFO - ✅ [166/450] Sent video: 7560598698934242567
2025-11-17 10:40:27 - __main__ - INFO - ✅ [167/450] Sent video: 7475650391032581384
2025-11-17 10:40:28 - __main__ - INFO - ✅ [168/450] Sent video: 7572097950973775112
2025-11-17 10:40:29 - __main__ - INFO - ✅ [169/450] Sent video: 7571567804604828941
2025-11-17 10:40:30 - __main__ - INFO - ✅ [170/450] Sent video: 7571822390783626514
2025-11-17 10:40:31 - __main__ - INFO - ✅ [171/450] Sent video: 7350688061442805013
2025-11-17 10:40:32 - __main__ - INFO - ✅ [172/450] Sent video: 7497082995862408449
2025-11-17 10:40:33 - __main__ - INFO - ✅ [173/450] Sent video: 7571347332638264577
2025-11-17 10:40:34 - __main__ - INFO - ✅ [174/450] Sent video: 7559033570702953736
2025-11-17 10:40:35 - __main__ - INFO - ✅ [175/450] Sent video: 7477209680104672532
2025-11-17 10:40:36 - __main__ - INFO - ✅ [176/450] Sent video: 7388580719611743506
2025-11-17 10:40:37 - __main__ - INFO - ✅ [177/450] Sent video: 7323432404767608066
2025-11-17 10:40:38 - __main__ - INFO - ✅ [178/450] Sent video: 7368069217192611079
2025-11-17 10:40:39 - __main__ - INFO - ✅ [179/450] Sent video: 7488740751149468934
2025-11-17 10:40:40 - __main__ - INFO - ✅ [180/450] Sent video: 7572543310208830738
2025-11-17 10:40:41 - __main__ - INFO - ✅ [181/450] Sent video: 7571431806856154386
2025-11-17 10:40:42 - __main__ - INFO - ✅ [182/450] Sent video: 7551763376251161874
2025-11-17 10:40:43 - __main__ - INFO - ✅ [183/450] Sent video: 7554961221632478482
2025-11-17 10:40:44 - __main__ - INFO - ✅ [184/450] Sent video: 7540591529388264712
2025-11-17 10:40:45 - __main__ - INFO - ✅ [185/450] Sent video: 7456759133312699649
2025-11-17 10:40:46 - __main__ - INFO - ✅ [186/450] Sent video: 7398870455051996424
2025-11-17 10:40:47 - __main__ - INFO - ✅ [187/450] Sent video: 7545305865683832072
2025-11-17 10:40:48 - __main__ - INFO - ✅ [188/450] Sent video: 7570583922782768391
2025-11-17 10:40:49 - __main__ - INFO - ✅ [189/450] Sent video: 7509456463450868999
2025-11-17 10:40:50 - __main__ - INFO - ✅ [190/450] Sent video: 7534556643145616658
2025-11-17 10:40:51 - __main__ - INFO - ✅ [191/450] Sent video: 7352886839939730705
2025-11-17 10:40:52 - __main__ - INFO - ✅ [192/450] Sent video: 7487132599148743942
2025-11-17 10:40:53 - __main__ - INFO - ✅ [193/450] Sent video: 7563145482592079121
2025-11-17 10:40:54 - __main__ - INFO - ✅ [194/450] Sent video: 7460798042250185991
2025-11-17 10:40:55 - __main__ - INFO - ✅ [195/450] Sent video: 7346640501606599938
2025-11-17 10:40:56 - __main__ - INFO - ✅ [196/450] Sent video: 7530269741957680391
2025-11-17 10:40:57 - __main__ - INFO - ✅ [197/450] Sent video: 7535262925481725191
2025-11-17 10:40:58 - __main__ - INFO - ✅ [198/450] Sent video: 7543222137792810248
2025-11-17 10:40:59 - __main__ - INFO - ✅ [199/450] Sent video: 7531209154522877192
2025-11-17 10:41:00 - __main__ - INFO - ✅ [200/450] Sent video: 7562392757227195661
2025-11-17 10:41:01 - __main__ - INFO - ✅ [201/450] Sent video: 7479729666471824656
2025-11-17 10:41:02 - __main__ - INFO - ✅ [202/450] Sent video: 7541025670290361618
2025-11-17 10:41:03 - __main__ - INFO - ✅ [203/450] Sent video: 7568862586918259986
2025-11-17 10:41:04 - __main__ - INFO - ✅ [204/450] Sent video: 7567282488695999751
2025-11-17 10:41:05 - __main__ - INFO - ✅ [205/450] Sent video: 7527566473565424903
2025-11-17 10:41:06 - __main__ - INFO - ✅ [206/450] Sent video: 7523952720466824466
2025-11-17 10:41:07 - __main__ - INFO - ✅ [207/450] Sent video: 7560164652663983361
2025-11-17 10:41:08 - __main__ - INFO - ✅ [208/450] Sent video: 7570559983914421511
2025-11-17 10:41:09 - __main__ - INFO - ✅ [209/450] Sent video: 7566044941630164255
2025-11-17 10:41:10 - __main__ - INFO - ✅ [210/450] Sent video: 7535262925481725191
2025-11-17 10:41:11 - __main__ - INFO - ✅ [211/450] Sent video: 7526401568158141703
2025-11-17 10:41:12 - __main__ - INFO - ✅ [212/450] Sent video: 7493496239397391623
2025-11-17 10:41:13 - __main__ - INFO - ✅ [213/450] Sent video: 7544608734463446279
2025-11-17 10:41:14 - __main__ - INFO - ✅ [214/450] Sent video: 7555388117931412744
2025-11-17 10:41:15 - __main__ - INFO - ✅ [215/450] Sent video: 7531198366949100818
2025-11-17 10:41:16 - __main__ - INFO - ✅ [216/450] Sent video: 7573497198059523348
2025-11-17 10:41:17 - __main__ - INFO - ✅ [217/450] Sent video: 7526545277256224008
2025-11-17 10:41:18 - __main__ - INFO - ✅ [218/450] Sent video: 7489070006907669815
2025-11-17 10:41:19 - __main__ - INFO - ✅ [219/450] Sent video: 7570947828856442130
2025-11-17 10:41:20 - __main__ - INFO - ✅ [220/450] Sent video: 7568113686045461780
2025-11-17 10:41:21 - __main__ - INFO - ✅ [221/450] Sent video: 7525393516734795026
2025-11-17 10:41:22 - __main__ - INFO - ✅ [222/450] Sent video: 7486426817029541127
2025-11-17 10:41:23 - __main__ - INFO - ✅ [223/450] Sent video: 7538764659583733000
2025-11-17 10:41:24 - __main__ - INFO - ✅ [224/450] Sent video: 7538464040679443730
2025-11-17 10:41:25 - __main__ - INFO - ✅ [225/450] Sent video: 7491939865081285895
2025-11-17 10:41:26 - __main__ - INFO - ✅ [226/450] Sent video: 7505773016282860821
2025-11-17 10:41:27 - __main__ - INFO - ✅ [227/450] Sent video: 7563712007279594773
2025-11-17 10:41:28 - __main__ - INFO - ✅ [228/450] Sent video: 7568113686045461780
2025-11-17 10:41:29 - __main__ - INFO - ✅ [229/450] Sent video: 7430271060022463762
2025-11-17 10:41:30 - __main__ - INFO - ✅ [230/450] Sent video: 7305403338655419666
2025-11-17 10:41:31 - __main__ - INFO - ✅ [231/450] Sent video: 7483484748002626834
2025-11-17 10:41:32 - __main__ - INFO - ✅ [232/450] Sent video: 7567361673862909204
2025-11-17 10:41:33 - __main__ - INFO - ✅ [233/450] Sent video: 7384758634321841426
2025-11-17 10:41:34 - __main__ - INFO - ✅ [234/450] Sent video: 7392076680120028423
2025-11-17 10:41:35 - __main__ - INFO - ✅ [235/450] Sent video: 7192576418872659226
2025-11-17 10:41:36 - __main__ - INFO - ✅ [236/450] Sent video: 7498761849207295240
2025-11-17 10:41:37 - __main__ - INFO - ✅ [237/450] Sent video: 7539830197495926023
2025-11-17 10:41:38 - __main__ - INFO - ✅ [238/450] Sent video: 7345079587459681544
2025-11-17 10:41:39 - __main__ - INFO - ✅ [239/450] Sent video: 7417693541566123282
2025-11-17 10:41:40 - __main__ - INFO - ✅ [240/450] Sent video: 7270862224737045766
2025-11-17 10:41:41 - __main__ - INFO - ✅ [241/450] Sent video: 7245957801699282182
2025-11-17 10:41:42 - __main__ - INFO - ✅ [242/450] Sent video: 7535751114130509064
2025-11-17 10:41:43 - __main__ - INFO - ✅ [243/450] Sent video: 7490412963308784901
2025-11-17 10:41:44 - __main__ - INFO - ✅ [244/450] Sent video: 7384749296077393170
2025-11-17 10:41:45 - __main__ - INFO - ✅ [245/450] Sent video: 7466768874990587154
2025-11-17 10:41:46 - __main__ - INFO - ✅ [246/450] Sent video: 7483863842766753031
2025-11-17 10:41:47 - __main__ - INFO - ✅ [247/450] Sent video: 7386893021847014674
2025-11-17 10:41:48 - __main__ - INFO - ✅ [248/450] Sent video: 7384048905526316295
2025-11-17 10:41:49 - __main__ - INFO - ✅ [249/450] Sent video: 7517486689661553927
2025-11-17 10:41:50 - __main__ - INFO - ✅ [250/450] Sent video: 7490154795362192645
2025-11-17 10:41:51 - __main__ - INFO - ✅ [251/450] Sent video: 7434120651490823479
2025-11-17 10:41:52 - __main__ - INFO - ✅ [252/450] Sent video: 7474690188585848072
2025-11-17 10:41:53 - __main__ - INFO - ✅ [253/450] Sent video: 7426357709991054600
2025-11-17 10:41:54 - __main__ - INFO - ✅ [254/450] Sent video: 7553633057673104658
2025-11-17 10:41:55 - __main__ - INFO - ✅ [255/450] Sent video: 7541263237438819592
2025-11-17 10:41:56 - __main__ - INFO - ✅ [256/450] Sent video: 7549955927579954450
2025-11-17 10:41:57 - __main__ - INFO - ✅ [257/450] Sent video: 7348030641746775303
2025-11-17 10:41:58 - __main__ - INFO - ✅ [258/450] Sent video: 7354568894448782599
2025-11-17 10:41:59 - __main__ - INFO - ✅ [259/450] Sent video: 7491577589836893448
2025-11-17 10:42:00 - __main__ - INFO - ✅ [260/450] Sent video: 7424512921650122002
2025-11-17 10:42:01 - __main__ - INFO - ✅ [261/450] Sent video: 7565189670867406088
2025-11-17 10:42:02 - __main__ - INFO - ✅ [262/450] Sent video: 7517485342736305415
2025-11-17 10:42:03 - __main__ - INFO - ✅ [263/450] Sent video: 7554974345928379666
2025-11-17 10:42:04 - __main__ - INFO - ✅ [264/450] Sent video: 7567558579784387848
2025-11-17 10:42:05 - __main__ - INFO - ✅ [265/450] Sent video: 7553037645194988807
2025-11-17 10:42:06 - __main__ - INFO - ✅ [266/450] Sent video: 7482389320192511239
2025-11-17 10:42:07 - __main__ - INFO - ✅ [267/450] Sent video: 7572559155064540437
2025-11-17 10:42:08 - __main__ - INFO - ✅ [268/450] Sent video: 7572086636712856853
2025-11-17 10:42:09 - __main__ - INFO - ✅ [269/450] Sent video: 7566494035431525652
2025-11-17 10:42:10 - __main__ - INFO - ✅ [270/450] Sent video: 7555653910283799826
2025-11-17 10:42:11 - __main__ - INFO - ✅ [271/450] Sent video: 7487849194049309958
2025-11-17 10:42:12 - __main__ - INFO - ✅ [272/450] Sent video: 7537317096716291335
2025-11-17 10:42:13 - __main__ - INFO - ✅ [273/450] Sent video: 7563877537894468871
2025-11-17 10:42:14 - __main__ - INFO - ✅ [274/450] Sent video: 7573196688345681172
2025-11-17 10:42:15 - __main__ - INFO - ✅ [275/450] Sent video: 7566586846470212885
2025-11-17 10:42:16 - __main__ - INFO - ✅ [276/450] Sent video: 7095449168591736070
2025-11-17 10:42:17 - __main__ - INFO - ✅ [277/450] Sent video: 7379989189493820705
2025-11-17 10:42:18 - __main__ - INFO - ✅ [278/450] Sent video: 7492056159726193927
2025-11-17 10:42:19 - __main__ - INFO - ✅ [279/450] Sent video: 7271604175241317637
2025-11-17 10:42:20 - __main__ - INFO - ✅ [280/450] Sent video: 7569233893665066260
2025-11-17 10:42:21 - __main__ - INFO - ✅ [281/450] Sent video: 7564385456847162632
2025-11-17 10:42:22 - __main__ - INFO - ✅ [282/450] Sent video: 7567706350042533138
2025-11-17 10:42:23 - __main__ - INFO - ✅ [283/450] Sent video: 7539850653481340168
2025-11-17 10:42:24 - __main__ - INFO - ✅ [284/450] Sent video: 7470549030733384961
2025-11-17 10:42:25 - __main__ - INFO - ✅ [285/450] Sent video: 7211459157755432197
2025-11-17 10:42:26 - __main__ - INFO - ✅ [286/450] Sent video: 7572839367257967890
2025-11-17 10:42:27 - __main__ - INFO - ✅ [287/450] Sent video: 7452169112450682130
2025-11-17 10:42:28 - __main__ - INFO - ✅ [288/450] Sent video: 7344360015504952584
2025-11-17 10:42:29 - __main__ - INFO - ✅ [289/450] Sent video: 7521007839737941255
2025-11-17 10:42:30 - __main__ - INFO - ✅ [290/450] Sent video: 7489070006907669815
2025-11-17 10:42:31 - __main__ - INFO - ✅ [291/450] Sent video: 7429498821509467410
2025-11-17 10:42:32 - __main__ - INFO - ✅ [292/450] Sent video: 7531006830001278216
2025-11-17 10:42:33 - __main__ - INFO - ✅ [293/450] Sent video: 7548709105955802375
2025-11-17 10:42:34 - __main__ - INFO - ✅ [294/450] Sent video: 7489865818017156407
2025-11-17 10:42:35 - __main__ - INFO - ✅ [295/450] Sent video: 7554783144726088968
2025-11-17 10:42:36 - __main__ - INFO - ✅ [296/450] Sent video: 7482589672154123538
2025-11-17 10:42:37 - __main__ - INFO - ✅ [297/450] Sent video: 7474988125782117650
2025-11-17 10:42:38 - __main__ - INFO - ✅ [298/450] Sent video: 7561438945939098898
2025-11-17 10:42:39 - __main__ - INFO - ✅ [299/450] Sent video: 7474239127173598484
2025-11-17 10:42:40 - __main__ - INFO - ✅ [300/450] Sent video: 7571841864777682184
2025-11-17 10:42:41 - __main__ - INFO - ✅ [301/450] Sent video: 7572002103376350472
2025-11-17 10:42:42 - __main__ - INFO - ✅ [302/450] Sent video: 7491129660131085586
2025-11-17 10:42:43 - __main__ - INFO - ✅ [303/450] Sent video: 7143054924765564187
2025-11-17 10:42:44 - __main__ - INFO - ✅ [304/450] Sent video: 7398448663883762962
2025-11-17 10:42:45 - __main__ - INFO - ✅ [305/450] Sent video: 7460494375802457351
2025-11-17 10:42:46 - __main__ - INFO - ✅ [306/450] Sent video: 7572314685542763790
2025-11-17 10:42:47 - __main__ - INFO - ✅ [307/450] Sent video: 7570872460363451703
2025-11-17 10:42:48 - __main__ - INFO - ✅ [308/450] Sent video: 7517987551953669394
2025-11-17 10:42:49 - __main__ - INFO - ✅ [309/450] Sent video: 7573290545376775479
2025-11-17 10:42:50 - __main__ - INFO - ✅ [310/450] Sent video: 7558506769388031239
2025-11-17 10:42:51 - __main__ - INFO - ✅ [311/450] Sent video: 7416011643827604754
2025-11-17 10:42:52 - __main__ - INFO - ✅ [312/450] Sent video: 7499320513047661841
2025-11-17 10:42:53 - __main__ - INFO - ✅ [313/450] Sent video: 7572351389259533582
2025-11-17 10:42:54 - __main__ - INFO - ✅ [314/450] Sent video: 7284412938130066689
2025-11-17 10:42:55 - __main__ - INFO - ✅ [315/450] Sent video: 7510132182703295751
2025-11-17 10:42:56 - __main__ - INFO - ✅ [316/450] Sent video: 7531401252521905426
2025-11-17 10:42:57 - __main__ - INFO - ✅ [317/450] Sent video: 7572176796150402321
2025-11-17 10:42:58 - __main__ - INFO - ✅ [318/450] Sent video: 7554746442154298631
2025-11-17 10:42:59 - __main__ - INFO - ✅ [319/450] Sent video: 7456721750416461063
2025-11-17 10:43:00 - __main__ - INFO - ✅ [320/450] Sent video: 7383882416638741761
2025-11-17 10:43:01 - __main__ - INFO - ✅ [321/450] Sent video: 7549167804872658183
2025-11-17 10:43:02 - __main__ - INFO - ✅ [322/450] Sent video: 7365748993982270737
2025-11-17 10:43:03 - __main__ - INFO - ✅ [323/450] Sent video: 7323529413352787202
2025-11-17 10:43:04 - __main__ - INFO - ✅ [324/450] Sent video: 7557250947706047762
2025-11-17 10:43:05 - __main__ - INFO - ✅ [325/450] Sent video: 7066622089373011227
2025-11-17 10:43:06 - __main__ - INFO - ✅ [326/450] Sent video: 7520208918685961479
2025-11-17 10:43:07 - __main__ - INFO - ✅ [327/450] Sent video: 7521965602840251655
2025-11-17 10:43:08 - __main__ - INFO - ✅ [328/450] Sent video: 7233753429418577158
2025-11-17 10:43:09 - __main__ - INFO - ✅ [329/450] Sent video: 7485212452758605064
2025-11-17 10:43:10 - __main__ - INFO - ✅ [330/450] Sent video: 7340641688802741505
2025-11-17 10:43:11 - __main__ - INFO - ✅ [331/450] Sent video: 7402437494064647441
2025-11-17 10:43:12 - __main__ - INFO - ✅ [332/450] Sent video: 7208804127059627291
2025-11-17 10:43:13 - __main__ - INFO - ✅ [333/450] Sent video: 7376867989510966536
2025-11-17 10:43:14 - __main__ - INFO - ✅ [334/450] Sent video: 7351048068227288327
2025-11-17 10:43:15 - __main__ - INFO - ✅ [335/450] Sent video: 7461977472251497735
2025-11-17 10:43:16 - __main__ - INFO - ✅ [336/450] Sent video: 7387028309017709845
2025-11-17 10:43:17 - __main__ - INFO - ✅ [337/450] Sent video: 7555425882081332498
2025-11-17 10:43:18 - __main__ - INFO - ✅ [338/450] Sent video: 7384758634321841426
2025-11-17 10:43:19 - __main__ - INFO - ✅ [339/450] Sent video: 7339767964108868871
2025-11-17 10:43:20 - __main__ - INFO - ✅ [340/450] Sent video: 6697921844952976645
2025-11-17 10:43:21 - __main__ - INFO - ✅ [341/450] Sent video: 7565912986427084052
2025-11-17 10:43:22 - __main__ - INFO - ✅ [342/450] Sent video: 7558109132474043665
2025-11-17 10:43:23 - __main__ - INFO - ✅ [343/450] Sent video: 7301175869324758280
2025-11-17 10:43:24 - __main__ - INFO - ✅ [344/450] Sent video: 7216506204405648667
2025-11-17 10:43:25 - __main__ - INFO - ✅ [345/450] Sent video: 7353952218166480135
2025-11-17 10:43:26 - __main__ - INFO - ✅ [346/450] Sent video: 7513046080397872400
2025-11-17 10:43:27 - __main__ - INFO - ✅ [347/450] Sent video: 7423207848353533202
2025-11-17 10:43:28 - __main__ - INFO - ✅ [348/450] Sent video: 7517591277005769991
2025-11-17 10:43:29 - __main__ - INFO - ✅ [349/450] Sent video: 7543627207625739538
2025-11-17 10:43:30 - __main__ - INFO - ✅ [350/450] Sent video: 7560645441432341767
2025-11-17 10:43:31 - __main__ - INFO - ✅ [351/450] Sent video: 7549935845403479303
2025-11-17 10:43:32 - __main__ - INFO - ✅ [352/450] Sent video: 7529402541247827208
2025-11-17 10:43:33 - __main__ - INFO - ✅ [353/450] Sent video: 7222634725607886106
2025-11-17 10:43:34 - __main__ - INFO - ✅ [354/450] Sent video: 7571823656075054344
2025-11-17 10:43:35 - __main__ - INFO - ✅ [355/450] Sent video: 7527227924831816978
2025-11-17 10:43:36 - __main__ - INFO - ✅ [356/450] Sent video: 7547707185803840786
2025-11-17 10:43:37 - __main__ - INFO - ✅ [357/450] Sent video: 7439258256578465032
2025-11-17 10:43:38 - __main__ - INFO - ✅ [358/450] Sent video: 7515625830110792968
2025-11-17 10:43:39 - __main__ - INFO - ✅ [359/450] Sent video: 7541039032566877458
2025-11-17 10:43:40 - __main__ - INFO - ✅ [360/450] Sent video: 7573321046040890642
2025-11-17 10:43:41 - __main__ - INFO - ✅ [361/450] Sent video: 7297626707287231750
2025-11-17 10:43:42 - __main__ - INFO - ✅ [362/450] Sent video: 7471996329997110550
2025-11-17 10:43:43 - __main__ - INFO - ✅ [363/450] Sent video: 7549527131773095186
2025-11-17 10:43:44 - __main__ - INFO - ✅ [364/450] Sent video: 7535801802466381064
2025-11-17 10:43:45 - __main__ - INFO - ✅ [365/450] Sent video: 7445224588763516168
2025-11-17 10:43:46 - __main__ - INFO - ✅ [366/450] Sent video: 7461487196260863240
2025-11-17 10:43:47 - __main__ - INFO - ✅ [367/450] Sent video: 7527541390448856328
2025-11-17 10:43:48 - __main__ - INFO - ✅ [368/450] Sent video: 7444163446305869064
2025-11-17 10:43:49 - __main__ - INFO - ✅ [369/450] Sent video: 7211032857492409626
2025-11-17 10:43:50 - __main__ - INFO - ✅ [370/450] Sent video: 7448961051560824069
2025-11-17 10:43:51 - __main__ - INFO - ✅ [371/450] Sent video: 7453826074569395463
2025-11-17 10:43:52 - __main__ - INFO - ✅ [372/450] Sent video: 7361038130301897991
2025-11-17 10:43:53 - __main__ - INFO - ✅ [373/450] Sent video: 7289648594846534919
2025-11-17 10:43:54 - __main__ - INFO - ✅ [374/450] Sent video: 7528642559250402561
2025-11-17 10:43:55 - __main__ - INFO - ✅ [375/450] Sent video: 7257146715919158533
2025-11-17 10:43:56 - __main__ - INFO - ✅ [376/450] Sent video: 7463680875226467592
2025-11-17 10:43:57 - __main__ - INFO - ✅ [377/450] Sent video: 7550658346299477265
2025-11-17 10:43:58 - __main__ - INFO - ✅ [378/450] Sent video: 7547770228285918482
2025-11-17 10:43:59 - __main__ - INFO - ✅ [379/450] Sent video: 7555454041694752007
2025-11-17 10:44:00 - __main__ - INFO - ✅ [380/450] Sent video: 7572563032086187284
2025-11-17 10:44:01 - __main__ - INFO - ✅ [381/450] Sent video: 7449021457771924744
2025-11-17 10:44:02 - __main__ - INFO - ✅ [382/450] Sent video: 7522745336801037569
2025-11-17 10:44:03 - __main__ - INFO - ✅ [383/450] Sent video: 7349386612926647554
2025-11-17 10:44:04 - __main__ - INFO - ✅ [384/450] Sent video: 7093186453445954843
2025-11-17 10:44:05 - __main__ - INFO - ✅ [385/450] Sent video: 7573339930282167559
2025-11-17 10:44:06 - __main__ - INFO - ✅ [386/450] Sent video: 7490101889720208646
2025-11-17 10:44:07 - __main__ - INFO - ✅ [387/450] Sent video: 7570283739054394644
2025-11-17 10:44:08 - __main__ - INFO - ✅ [388/450] Sent video: 7540512174750387477
2025-11-17 10:44:09 - __main__ - INFO - ✅ [389/450] Sent video: 7479113998839926024
2025-11-17 10:44:10 - __main__ - INFO - ✅ [390/450] Sent video: 6943672749990661382
2025-11-17 10:44:11 - __main__ - INFO - ✅ [391/450] Sent video: 7487947029583318277
2025-11-17 10:44:12 - __main__ - INFO - ✅ [392/450] Sent video: 7569838960659238152
2025-11-17 10:44:13 - __main__ - INFO - ✅ [393/450] Sent video: 7516160779687693575
2025-11-17 10:44:14 - __main__ - INFO - ✅ [394/450] Sent video: 7481873724287847700
2025-11-17 10:44:15 - __main__ - INFO - ✅ [395/450] Sent video: 7564025842112679176
2025-11-17 10:44:16 - __main__ - INFO - ✅ [396/450] Sent video: 7476812401279634695
2025-11-17 10:44:17 - __main__ - INFO - ✅ [397/450] Sent video: 7360196481673989392
2025-11-17 10:44:18 - __main__ - INFO - ✅ [398/450] Sent video: 7258651963452165381
2025-11-17 10:44:19 - __main__ - INFO - ✅ [399/450] Sent video: 7571416215936060679
2025-11-17 10:44:20 - __main__ - INFO - ✅ [400/450] Sent video: 7569068199891815687
2025-11-17 10:44:21 - __main__ - INFO - ✅ [401/450] Sent video: 7167646432986451202
2025-11-17 10:44:22 - __main__ - INFO - ✅ [402/450] Sent video: 7556984041212235015
2025-11-17 10:44:23 - __main__ - INFO - ✅ [403/450] Sent video: 7531382422890482951
2025-11-17 10:44:24 - __main__ - INFO - ✅ [404/450] Sent video: 7495620276697173256
2025-11-17 10:44:25 - __main__ - INFO - ✅ [405/450] Sent video: 7379996633703976209
2025-11-17 10:44:26 - __main__ - INFO - ✅ [406/450] Sent video: 7435954912397167890
2025-11-17 10:44:27 - __main__ - INFO - ✅ [407/450] Sent video: 7558443079703858440
2025-11-17 10:44:28 - __main__ - INFO - ✅ [408/450] Sent video: 7021924014914374938
2025-11-17 10:44:29 - __main__ - INFO - ✅ [409/450] Sent video: 7455638970572131591
2025-11-17 10:44:30 - __main__ - INFO - ✅ [410/450] Sent video: 7573305983057825032
2025-11-17 10:44:31 - __main__ - INFO - ✅ [411/450] Sent video: 7573235306502180117
2025-11-17 10:44:32 - __main__ - INFO - ✅ [412/450] Sent video: 7573287266261519624
2025-11-17 10:44:33 - __main__ - INFO - ✅ [413/450] Sent video: 7555505828585901320
2025-11-17 10:44:34 - __main__ - INFO - ✅ [414/450] Sent video: 7458504032647171346
2025-11-17 10:44:35 - __main__ - INFO - ✅ [415/450] Sent video: 7567221461660749077
2025-11-17 10:44:36 - __main__ - INFO - ✅ [416/450] Sent video: 7562942834894982422
2025-11-17 10:44:37 - __main__ - INFO - ✅ [417/450] Sent video: 7564678303009803542
2025-11-17 10:44:38 - __main__ - INFO - ✅ [418/450] Sent video: 7566860880835628295
2025-11-17 10:44:39 - __main__ - INFO - ✅ [419/450] Sent video: 7546191483679051015
2025-11-17 10:44:40 - __main__ - INFO - ✅ [420/450] Sent video: 7566972858245729552
2025-11-17 10:44:41 - __main__ - INFO - ✅ [421/450] Sent video: 7333530344450313479
2025-11-17 10:44:42 - __main__ - INFO - ✅ [422/450] Sent video: 7324188803269217537
2025-11-17 10:44:43 - __main__ - INFO - ✅ [423/450] Sent video: 7357349268388154644
2025-11-17 10:44:44 - __main__ - INFO - ✅ [424/450] Sent video: 7533620266866380050
2025-11-17 10:44:45 - __main__ - INFO - ✅ [425/450] Sent video: 7337307163401964802
2025-11-17 10:44:46 - __main__ - INFO - ✅ [426/450] Sent video: 7572469488868740373
2025-11-17 10:44:47 - __main__ - INFO - ✅ [427/450] Sent video: 7519882382208453895
2025-11-17 10:44:48 - __main__ - INFO - ✅ [428/450] Sent video: 7564220042242444551
2025-11-17 10:44:49 - __main__ - INFO - ✅ [429/450] Sent video: 7268516065007783174
2025-11-17 10:44:50 - __main__ - INFO - ✅ [430/450] Sent video: 7559080088701095186
2025-11-17 10:44:51 - __main__ - INFO - ✅ [431/450] Sent video: 7562186606417988872
2025-11-17 10:44:52 - __main__ - INFO - ✅ [432/450] Sent video: 7563273959379291412
2025-11-17 10:44:53 - __main__ - INFO - ✅ [433/450] Sent video: 7452404633349164310
2025-11-17 10:44:54 - __main__ - INFO - ✅ [434/450] Sent video: 7554780418441104647
2025-11-17 10:44:55 - __main__ - INFO - ✅ [435/450] Sent video: 7562654424343039254
2025-11-17 10:44:56 - __main__ - INFO - ✅ [436/450] Sent video: 7558105140402654471
2025-11-17 10:44:57 - __main__ - INFO - ✅ [437/450] Sent video: 7565919082797649173
2025-11-17 10:44:58 - __main__ - INFO - ✅ [438/450] Sent video: 7497822433584663854
2025-11-17 10:44:59 - __main__ - INFO - ✅ [439/450] Sent video: 7175819743964794139
2025-11-17 10:45:00 - __main__ - INFO - ✅ [440/450] Sent video: 7201702452758842651
2025-11-17 10:45:01 - __main__ - INFO - ✅ [441/450] Sent video: 7535528365504220423
2025-11-17 10:45:02 - __main__ - INFO - ✅ [442/450] Sent video: 7571443203207990535
2025-11-17 10:45:03 - __main__ - INFO - ✅ [443/450] Sent video: 7470190190347210001
2025-11-17 10:45:04 - __main__ - INFO - ✅ [444/450] Sent video: 7304334128516795681
2025-11-17 10:45:05 - __main__ - INFO - ✅ [445/450] Sent video: 7221201413248994603
2025-11-17 10:45:06 - __main__ - INFO - ✅ [446/450] Sent video: 7374492734234594568
2025-11-17 10:45:07 - __main__ - INFO - ✅ [447/450] Sent video: 7571835349891304725
2025-11-17 10:45:08 - __main__ - INFO - ✅ [448/450] Sent video: 7482240250207653136
2025-11-17 10:45:09 - __main__ - INFO - ✅ [449/450] Sent video: 7492779499646356758
2025-11-17 10:45:10 - __main__ - INFO - ✅ [450/450] Sent video: 7367077438171450630
2025-11-17 10:45:10 - __main__ - INFO - ============================================================
2025-11-17 10:45:10 - __main__ - INFO - 🎉 COMPLETED: 450/450 videos sent successfully
2025-11-17 10:45:10 - __main__ - INFO - ============================================================
2025-11-17 10:45:10 - clients.kafka_client - INFO - Flushing remaining messages and closing Kafka producer...
2025-11-17 10:45:10 - kafka.producer.kafka - INFO - <KafkaProducer client_id=kafka-python-producer-1 transactional_id=None>: Closing the Kafka producer with 9223372036.0 secs timeout.
2025-11-17 10:45:10 - kafka.conn - INFO - <BrokerConnection client_id=kafka-python-producer-1, node_id=1 host=localhost:9092 <connected> [IPv6 ('::1', 9092, 0, 0)]>: Closing connection. 
2025-11-17 10:45:10 - clients.kafka_client - INFO - Kafka producer closed successfully
2025-11-17 10:52:54 - kafka.conn - INFO - <BrokerConnection client_id=kafka-python-producer-1, node_id=bootstrap-0 host=localhost:9092 <connecting> [IPv6 ('::1', 9092, 0, 0)]>: connecting to localhost:9092 [('::1', 9092, 0, 0) IPv6]
2025-11-17 10:52:54 - kafka.conn - INFO - <BrokerConnection client_id=kafka-python-producer-1, node_id=bootstrap-0 host=localhost:9092 <checking_api_versions_recv> [IPv6 ('::1', 9092, 0, 0)]>: Broker version identified as 2.6
2025-11-17 10:52:54 - kafka.conn - INFO - <BrokerConnection client_id=kafka-python-producer-1, node_id=bootstrap-0 host=localhost:9092 <connected> [IPv6 ('::1', 9092, 0, 0)]>: Connection complete.
2025-11-17 10:52:54 - clients.kafka_client - INFO - Successfully connected to Kafka brokers at ['localhost:9092']
2025-11-17 10:52:54 - __main__ - INFO - 🧪 Running in MOCK mode - Loading from CSV
2025-11-17 10:52:54 - __main__ - INFO - ============================================================
2025-11-17 10:52:54 - __main__ - INFO - 🚀 STARTING PRODUCER - MOCK MODE
2025-11-17 10:52:54 - __main__ - INFO - ============================================================
2025-11-17 10:52:54 - loaders.csv_loader - INFO - Reading CSV file: /home/giakiet05/programming/projects/tiktok-trend-detector/data/raw_tiktok_data.csv
2025-11-17 10:52:54 - loaders.csv_loader - INFO - Parsed 5 videos...
2025-11-17 10:52:54 - loaders.csv_loader - INFO - Parsed 10 videos...
2025-11-17 10:52:54 - loaders.csv_loader - INFO - Parsed 15 videos...
2025-11-17 10:52:54 - loaders.csv_loader - INFO - Parsed 20 videos...
2025-11-17 10:52:54 - loaders.csv_loader - INFO - Parsed 25 videos...
2025-11-17 10:52:54 - loaders.csv_loader - INFO - Parsed 30 videos...
2025-11-17 10:52:54 - loaders.csv_loader - INFO - Parsed 35 videos...
2025-11-17 10:52:54 - loaders.csv_loader - INFO - Parsed 40 videos...
2025-11-17 10:52:54 - loaders.csv_loader - INFO - Parsed 45 videos...
2025-11-17 10:52:54 - loaders.csv_loader - INFO - Parsed 50 videos...
2025-11-17 10:52:54 - loaders.csv_loader - INFO - Parsed 55 videos...
2025-11-17 10:52:54 - loaders.csv_loader - INFO - Parsed 60 videos...
2025-11-17 10:52:54 - loaders.csv_loader - INFO - Parsed 65 videos...
2025-11-17 10:52:54 - loaders.csv_loader - INFO - Parsed 70 videos...
2025-11-17 10:52:54 - loaders.csv_loader - INFO - Parsed 75 videos...
2025-11-17 10:52:54 - loaders.csv_loader - INFO - Parsed 80 videos...
2025-11-17 10:52:54 - loaders.csv_loader - INFO - Parsed 85 videos...
2025-11-17 10:52:54 - loaders.csv_loader - INFO - Parsed 90 videos...
2025-11-17 10:52:54 - loaders.csv_loader - INFO - Parsed 95 videos...
2025-11-17 10:52:54 - loaders.csv_loader - INFO - Parsed 100 videos...
2025-11-17 10:52:54 - loaders.csv_loader - INFO - Parsed 105 videos...
2025-11-17 10:52:54 - loaders.csv_loader - INFO - Parsed 110 videos...
2025-11-17 10:52:54 - loaders.csv_loader - INFO - Parsed 115 videos...
2025-11-17 10:52:54 - loaders.csv_loader - INFO - Parsed 120 videos...
2025-11-17 10:52:54 - loaders.csv_loader - INFO - Parsed 125 videos...
2025-11-17 10:52:54 - loaders.csv_loader - INFO - Parsed 130 videos...
2025-11-17 10:52:54 - loaders.csv_loader - INFO - Parsed 135 videos...
2025-11-17 10:52:54 - loaders.csv_loader - INFO - Parsed 140 videos...
2025-11-17 10:52:54 - loaders.csv_loader - INFO - Parsed 145 videos...
2025-11-17 10:52:54 - loaders.csv_loader - INFO - Parsed 150 videos...
2025-11-17 10:52:54 - loaders.csv_loader - INFO - Parsed 155 videos...
2025-11-17 10:52:54 - loaders.csv_loader - INFO - Parsed 160 videos...
2025-11-17 10:52:54 - loaders.csv_loader - INFO - Parsed 165 videos...
2025-11-17 10:52:54 - loaders.csv_loader - INFO - Parsed 170 videos...
2025-11-17 10:52:54 - loaders.csv_loader - INFO - Parsed 175 videos...
2025-11-17 10:52:54 - loaders.csv_loader - INFO - Parsed 180 videos...
2025-11-17 10:52:54 - loaders.csv_loader - INFO - Parsed 185 videos...
2025-11-17 10:52:54 - loaders.csv_loader - INFO - Parsed 190 videos...
2025-11-17 10:52:54 - loaders.csv_loader - INFO - Parsed 195 videos...
2025-11-17 10:52:54 - loaders.csv_loader - INFO - Parsed 200 videos...
2025-11-17 10:52:54 - loaders.csv_loader - INFO - Parsed 205 videos...
2025-11-17 10:52:54 - loaders.csv_loader - INFO - Parsed 210 videos...
2025-11-17 10:52:54 - loaders.csv_loader - INFO - Parsed 215 videos...
2025-11-17 10:52:54 - loaders.csv_loader - INFO - Parsed 220 videos...
2025-11-17 10:52:54 - loaders.csv_loader - INFO - Parsed 225 videos...
2025-11-17 10:52:54 - loaders.csv_loader - INFO - Parsed 230 videos...
2025-11-17 10:52:54 - loaders.csv_loader - INFO - Parsed 235 videos...
2025-11-17 10:52:54 - loaders.csv_loader - INFO - Parsed 240 videos...
2025-11-17 10:52:54 - loaders.csv_loader - INFO - Parsed 245 videos...
2025-11-17 10:52:54 - loaders.csv_loader - INFO - Parsed 250 videos...
2025-11-17 10:52:54 - loaders.csv_loader - INFO - Parsed 255 videos...
2025-11-17 10:52:54 - loaders.csv_loader - INFO - Parsed 260 videos...
2025-11-17 10:52:54 - loaders.csv_loader - INFO - Parsed 265 videos...
2025-11-17 10:52:54 - loaders.csv_loader - INFO - Parsed 270 videos...
2025-11-17 10:52:54 - loaders.csv_loader - INFO - Parsed 275 videos...
2025-11-17 10:52:54 - loaders.csv_loader - INFO - Parsed 280 videos...
2025-11-17 10:52:54 - loaders.csv_loader - INFO - Parsed 285 videos...
2025-11-17 10:52:54 - loaders.csv_loader - INFO - Parsed 290 videos...
2025-11-17 10:52:54 - loaders.csv_loader - INFO - Parsed 295 videos...
2025-11-17 10:52:54 - loaders.csv_loader - INFO - Parsed 300 videos...
2025-11-17 10:52:54 - loaders.csv_loader - INFO - Parsed 305 videos...
2025-11-17 10:52:54 - loaders.csv_loader - INFO - Parsed 310 videos...
2025-11-17 10:52:54 - loaders.csv_loader - INFO - Parsed 315 videos...
2025-11-17 10:52:54 - loaders.csv_loader - INFO - Parsed 320 videos...
2025-11-17 10:52:54 - loaders.csv_loader - INFO - Parsed 325 videos...
2025-11-17 10:52:54 - loaders.csv_loader - INFO - Parsed 330 videos...
2025-11-17 10:52:54 - loaders.csv_loader - INFO - Parsed 335 videos...
2025-11-17 10:52:54 - loaders.csv_loader - INFO - Parsed 340 videos...
2025-11-17 10:52:54 - loaders.csv_loader - INFO - Parsed 345 videos...
2025-11-17 10:52:54 - loaders.csv_loader - INFO - Parsed 350 videos...
2025-11-17 10:52:54 - loaders.csv_loader - INFO - Parsed 355 videos...
2025-11-17 10:52:54 - loaders.csv_loader - INFO - Parsed 360 videos...
2025-11-17 10:52:54 - loaders.csv_loader - INFO - Parsed 365 videos...
2025-11-17 10:52:54 - loaders.csv_loader - INFO - Parsed 370 videos...
2025-11-17 10:52:54 - loaders.csv_loader - INFO - Parsed 375 videos...
2025-11-17 10:52:54 - loaders.csv_loader - INFO - Parsed 380 videos...
2025-11-17 10:52:54 - loaders.csv_loader - INFO - Parsed 385 videos...
2025-11-17 10:52:54 - loaders.csv_loader - INFO - Parsed 390 videos...
2025-11-17 10:52:54 - loaders.csv_loader - INFO - Parsed 395 videos...
2025-11-17 10:52:54 - loaders.csv_loader - INFO - Parsed 400 videos...
2025-11-17 10:52:54 - loaders.csv_loader - INFO - Parsed 405 videos...
2025-11-17 10:52:54 - loaders.csv_loader - INFO - Parsed 410 videos...
2025-11-17 10:52:54 - loaders.csv_loader - INFO - Parsed 415 videos...
2025-11-17 10:52:54 - loaders.csv_loader - INFO - Parsed 420 videos...
2025-11-17 10:52:54 - loaders.csv_loader - INFO - Parsed 425 videos...
2025-11-17 10:52:54 - loaders.csv_loader - INFO - Parsed 430 videos...
2025-11-17 10:52:54 - loaders.csv_loader - INFO - Parsed 435 videos...
2025-11-17 10:52:54 - loaders.csv_loader - INFO - Parsed 440 videos...
2025-11-17 10:52:54 - loaders.csv_loader - INFO - Parsed 445 videos...
2025-11-17 10:52:54 - loaders.csv_loader - INFO - Parsed 450 videos...
2025-11-17 10:52:54 - loaders.csv_loader - INFO - Successfully loaded 450 videos from CSV
2025-11-17 10:52:54 - __main__ - INFO - 📦 Will send 450 videos to Kafka topic: tiktok-raw-data
2025-11-17 10:52:55 - kafka.conn - INFO - <BrokerConnection client_id=kafka-python-producer-1, node_id=1 host=localhost:9092 <connecting> [IPv6 ('::1', 9092, 0, 0)]>: connecting to localhost:9092 [('::1', 9092, 0, 0) IPv6]
2025-11-17 10:52:55 - kafka.conn - INFO - <BrokerConnection client_id=kafka-python-producer-1, node_id=1 host=localhost:9092 <connected> [IPv6 ('::1', 9092, 0, 0)]>: Connection complete.
2025-11-17 10:52:55 - kafka.conn - INFO - <BrokerConnection client_id=kafka-python-producer-1, node_id=bootstrap-0 host=localhost:9092 <connected> [IPv6 ('::1', 9092, 0, 0)]>: Closing connection. 
2025-11-17 10:52:55 - __main__ - INFO - ✅ [1/450] Sent video: 7559033570702953736
2025-11-17 10:52:56 - __main__ - INFO - ✅ [2/450] Sent video: 7430682473421393159
2025-11-17 10:52:57 - __main__ - INFO - ✅ [3/450] Sent video: 7534370586135383303
2025-11-17 10:52:58 - __main__ - INFO - ✅ [4/450] Sent video: 7310454853015293186
2025-11-17 10:52:59 - __main__ - INFO - ✅ [5/450] Sent video: 7533964384045894919
2025-11-17 10:53:00 - __main__ - INFO - ✅ [6/450] Sent video: 7455906120046038290
2025-11-17 10:53:01 - __main__ - INFO - ✅ [7/450] Sent video: 7544299403599695112
2025-11-17 10:53:02 - __main__ - INFO - ✅ [8/450] Sent video: 7517485342736305415
2025-11-17 10:53:03 - __main__ - INFO - ✅ [9/450] Sent video: 7475211892831603984
2025-11-17 10:53:04 - __main__ - INFO - ✅ [10/450] Sent video: 7428959761393143058
2025-11-17 10:53:05 - __main__ - INFO - ✅ [11/450] Sent video: 7429940021949418770
2025-11-17 10:53:06 - __main__ - INFO - ✅ [12/450] Sent video: 7416351643177962773
2025-11-17 10:53:07 - __main__ - INFO - ✅ [13/450] Sent video: 7305403338655419666
2025-11-17 10:53:08 - __main__ - INFO - ✅ [14/450] Sent video: 7417693541566123282
2025-11-17 10:53:09 - __main__ - INFO - ✅ [15/450] Sent video: 7567361673862909204
2025-11-17 10:53:10 - __main__ - INFO - ✅ [16/450] Sent video: 7572908837951343890
2025-11-17 10:53:11 - __main__ - INFO - ✅ [17/450] Sent video: 7573323983215398164
2025-11-17 10:53:12 - __main__ - INFO - ✅ [18/450] Sent video: 7532474140432190727
2025-11-17 10:53:13 - __main__ - INFO - ✅ [19/450] Sent video: 7573317491632655636
2025-11-17 10:53:14 - __main__ - INFO - ✅ [20/450] Sent video: 7384758634321841426
2025-11-17 10:53:15 - __main__ - INFO - ✅ [21/450] Sent video: 7572251855795883282
2025-11-17 10:53:16 - __main__ - INFO - ✅ [22/450] Sent video: 7491939865081285895
2025-11-17 10:53:17 - __main__ - INFO - ✅ [23/450] Sent video: 7538764659583733000
2025-11-17 10:53:18 - __main__ - INFO - ✅ [24/450] Sent video: 7553633057673104658
2025-11-17 10:53:19 - __main__ - INFO - ✅ [25/450] Sent video: 7486756939578330375
2025-11-17 10:53:20 - __main__ - INFO - ✅ [26/450] Sent video: 7389500365676268820
2025-11-17 10:53:21 - __main__ - INFO - ✅ [27/450] Sent video: 7559033570702953736
2025-11-17 10:53:22 - __main__ - INFO - ✅ [28/450] Sent video: 7560965955971484946
2025-11-17 10:53:23 - __main__ - INFO - ✅ [29/450] Sent video: 7568810488621010196
2025-11-17 10:53:24 - __main__ - INFO - ✅ [30/450] Sent video: 7518977959819218194
2025-11-17 10:53:25 - __main__ - INFO - ✅ [31/450] Sent video: 7572079643700759815
2025-11-17 10:53:26 - __main__ - INFO - ✅ [32/450] Sent video: 7539069490760338709
2025-11-17 10:53:27 - __main__ - INFO - ✅ [33/450] Sent video: 7551765862282235153
2025-11-17 10:53:28 - __main__ - INFO - ✅ [34/450] Sent video: 7571431806856154386
2025-11-17 10:53:29 - __main__ - INFO - ✅ [35/450] Sent video: 7543121156597910792
2025-11-17 10:53:30 - __main__ - INFO - ✅ [36/450] Sent video: 7485551146937912583
2025-11-17 10:53:31 - __main__ - INFO - ✅ [37/450] Sent video: 7540591529388264712
2025-11-17 10:53:32 - __main__ - INFO - ✅ [38/450] Sent video: 7551763376251161874
2025-11-17 10:53:33 - __main__ - INFO - ✅ [39/450] Sent video: 7528751560252247317
2025-11-17 10:53:34 - __main__ - INFO - ✅ [40/450] Sent video: 7500906912058232072
2025-11-17 10:53:35 - __main__ - INFO - ✅ [41/450] Sent video: 7568460345480629511
2025-11-17 10:53:36 - __main__ - INFO - ✅ [42/450] Sent video: 7442177181733653768
2025-11-17 10:53:37 - __main__ - INFO - ✅ [43/450] Sent video: 7566976514844134674
2025-11-17 10:53:38 - __main__ - INFO - ✅ [44/450] Sent video: 7510601817131158800
2025-11-17 10:53:39 - __main__ - INFO - ✅ [45/450] Sent video: 7573362166779186439
2025-11-17 10:53:40 - __main__ - INFO - ✅ [46/450] Sent video: 7559224291481488648
2025-11-17 10:53:41 - __main__ - INFO - ✅ [47/450] Sent video: 7572177453683100936
2025-11-17 10:53:42 - __main__ - INFO - ✅ [48/450] Sent video: 7400258542491520264
2025-11-17 10:53:43 - __main__ - INFO - ✅ [49/450] Sent video: 7562150123011116296
2025-11-17 10:53:44 - __main__ - INFO - ✅ [50/450] Sent video: 7497202274331151634
2025-11-17 10:53:45 - __main__ - INFO - ✅ [51/450] Sent video: 7393148904927235336
2025-11-17 10:53:46 - __main__ - INFO - ✅ [52/450] Sent video: 7563145482592079121
2025-11-17 10:53:47 - __main__ - INFO - ✅ [53/450] Sent video: 7366918770968825089
2025-11-17 10:53:48 - __main__ - INFO - ✅ [54/450] Sent video: 7570583922782768391
2025-11-17 10:53:49 - __main__ - INFO - ✅ [55/450] Sent video: 7476851868665154832
2025-11-17 10:53:50 - __main__ - INFO - ✅ [56/450] Sent video: 7573475876440935688
2025-11-17 10:53:51 - __main__ - INFO - ✅ [57/450] Sent video: 7566996590632701202
2025-11-17 10:53:52 - __main__ - INFO - ✅ [58/450] Sent video: 7572029583969619217
2025-11-17 10:53:53 - __main__ - INFO - ✅ [59/450] Sent video: 7557706507484171536
2025-11-17 10:53:54 - __main__ - INFO - ✅ [60/450] Sent video: 7528402227304647937
2025-11-17 10:53:55 - __main__ - INFO - ✅ [61/450] Sent video: 7554961221632478482
2025-11-17 10:53:56 - __main__ - INFO - ✅ [62/450] Sent video: 7230021201114991877
2025-11-17 10:53:57 - __main__ - INFO - ✅ [63/450] Sent video: 7233041204999359749
2025-11-17 10:53:58 - __main__ - INFO - ✅ [64/450] Sent video: 7518970142055746824
2025-11-17 10:53:59 - __main__ - INFO - ✅ [65/450] Sent video: 7549955927579954450
2025-11-17 10:54:00 - __main__ - INFO - ✅ [66/450] Sent video: 7564467170449624338
2025-11-17 10:54:01 - __main__ - INFO - ✅ [67/450] Sent video: 7532817699764800786
2025-11-17 10:54:02 - __main__ - INFO - ✅ [68/450] Sent video: 7377731442136108296
2025-11-17 10:54:03 - __main__ - INFO - ✅ [69/450] Sent video: 7455552971380641031
2025-11-17 10:54:04 - __main__ - INFO - ✅ [70/450] Sent video: 7294664130827488513
2025-11-17 10:54:05 - __main__ - INFO - ✅ [71/450] Sent video: 7505967308179819784
2025-11-17 10:54:06 - __main__ - INFO - ✅ [72/450] Sent video: 7519366962711923976
2025-11-17 10:54:07 - __main__ - INFO - ✅ [73/450] Sent video: 7482680544304565512
2025-11-17 10:54:08 - __main__ - INFO - ✅ [74/450] Sent video: 7499106026470329655
2025-11-17 10:54:09 - __main__ - INFO - ✅ [75/450] Sent video: 7556916508656405767
2025-11-17 10:54:10 - __main__ - INFO - ✅ [76/450] Sent video: 7277163430572870919
2025-11-17 10:54:11 - __main__ - INFO - ✅ [77/450] Sent video: 7237115723691068677
2025-11-17 10:54:12 - __main__ - INFO - ✅ [78/450] Sent video: 7241557412589686021
2025-11-17 10:54:13 - __main__ - INFO - ✅ [79/450] Sent video: 7295011823550500104
2025-11-17 10:54:14 - __main__ - INFO - ✅ [80/450] Sent video: 7559368664319790354
2025-11-17 10:54:15 - __main__ - INFO - ✅ [81/450] Sent video: 7549047984881814791
2025-11-17 10:54:16 - __main__ - INFO - ✅ [82/450] Sent video: 7550542614085258503
2025-11-17 10:54:17 - __main__ - INFO - ✅ [83/450] Sent video: 7458466142353378568
2025-11-17 10:54:18 - __main__ - INFO - ✅ [84/450] Sent video: 7569595249031662868
2025-11-17 10:54:19 - __main__ - INFO - ✅ [85/450] Sent video: 7572914157884902664
2025-11-17 10:54:20 - __main__ - INFO - ✅ [86/450] Sent video: 7550287332386016532
2025-11-17 10:54:21 - __main__ - INFO - ✅ [87/450] Sent video: 7570982103379102996
2025-11-17 10:54:22 - __main__ - INFO - ✅ [88/450] Sent video: 7572608824574627092
2025-11-17 10:54:23 - __main__ - INFO - ✅ [89/450] Sent video: 7306327242378988802
2025-11-17 10:54:24 - __main__ - INFO - ✅ [90/450] Sent video: 7571985216940690709
2025-11-17 10:54:25 - __main__ - INFO - ✅ [91/450] Sent video: 7366918770968825089
2025-11-17 10:54:26 - __main__ - INFO - ✅ [92/450] Sent video: 7259018453988674822
2025-11-17 10:54:27 - __main__ - INFO - ✅ [93/450] Sent video: 7155472820066094363
2025-11-17 10:54:28 - __main__ - INFO - ✅ [94/450] Sent video: 7490581995026828562
2025-11-17 10:54:29 - __main__ - INFO - ✅ [95/450] Sent video: 7429938372208119047
2025-11-17 10:54:30 - __main__ - INFO - ✅ [96/450] Sent video: 7462991490621443346
2025-11-17 10:54:31 - __main__ - INFO - ✅ [97/450] Sent video: 7445928571526221072
2025-11-17 10:54:32 - __main__ - INFO - ✅ [98/450] Sent video: 7562544815754251527
2025-11-17 10:54:33 - __main__ - INFO - ✅ [99/450] Sent video: 7430673946292342033
2025-11-17 10:54:34 - __main__ - INFO - ✅ [100/450] Sent video: 7523206582432189703
2025-11-17 10:54:35 - __main__ - INFO - ✅ [101/450] Sent video: 7256743997438266630
2025-11-17 10:54:36 - __main__ - INFO - ✅ [102/450] Sent video: 7483484748002626834
2025-11-17 10:54:37 - __main__ - INFO - ✅ [103/450] Sent video: 7516886202285493511
2025-11-17 10:54:38 - __main__ - INFO - ✅ [104/450] Sent video: 7516531801565728020
2025-11-17 10:54:39 - __main__ - INFO - ✅ [105/450] Sent video: 7356938569367309584
2025-11-17 10:54:40 - __main__ - INFO - ✅ [106/450] Sent video: 7549955927579954450
2025-11-17 10:54:41 - __main__ - INFO - ✅ [107/450] Sent video: 7474690188585848072
2025-11-17 10:54:42 - __main__ - INFO - ✅ [108/450] Sent video: 7568520778027683079
2025-11-17 10:54:43 - __main__ - INFO - ✅ [109/450] Sent video: 7557569945786223890
2025-11-17 10:54:44 - __main__ - INFO - ✅ [110/450] Sent video: 7533884762423823624
2025-11-17 10:54:45 - __main__ - INFO - ✅ [111/450] Sent video: 7361074905850383623
2025-11-17 10:54:46 - __main__ - INFO - ✅ [112/450] Sent video: 7495845506313129222
2025-11-17 10:54:47 - __main__ - INFO - ✅ [113/450] Sent video: 7340641688802741505
2025-11-17 10:54:48 - __main__ - INFO - ✅ [114/450] Sent video: 7270862224737045766
2025-11-17 10:54:49 - __main__ - INFO - ✅ [115/450] Sent video: 7514322270945479944
2025-11-17 10:54:50 - __main__ - INFO - ✅ [116/450] Sent video: 7473342565115251969
2025-11-17 10:54:51 - __main__ - INFO - ✅ [117/450] Sent video: 7447819559932792072
2025-11-17 10:54:52 - __main__ - INFO - ✅ [118/450] Sent video: 7492411010528070919
2025-11-17 10:54:53 - __main__ - INFO - ✅ [119/450] Sent video: 7456724791265873159
2025-11-17 10:54:54 - __main__ - INFO - ✅ [120/450] Sent video: 7545821695458708754
2025-11-17 10:54:55 - __main__ - INFO - ✅ [121/450] Sent video: 7527663983592099079
2025-11-17 10:54:56 - __main__ - INFO - ✅ [122/450] Sent video: 7473764551058541825
2025-11-17 10:54:57 - __main__ - INFO - ✅ [123/450] Sent video: 7486356639809850631
2025-11-17 10:54:58 - __main__ - INFO - ✅ [124/450] Sent video: 7302786535718489345
2025-11-17 10:54:59 - __main__ - INFO - ✅ [125/450] Sent video: 7492319877118594311
2025-11-17 10:55:00 - __main__ - INFO - ✅ [126/450] Sent video: 7496872825647566088
2025-11-17 10:55:01 - __main__ - INFO - ✅ [127/450] Sent video: 7552928528510029076
2025-11-17 10:55:02 - __main__ - INFO - ✅ [128/450] Sent video: 7513856953630723346
2025-11-17 10:55:03 - __main__ - INFO - ✅ [129/450] Sent video: 7567407789287427346
2025-11-17 10:55:04 - __main__ - INFO - ✅ [130/450] Sent video: 7495103045701766422
2025-11-17 10:55:05 - __main__ - INFO - ✅ [131/450] Sent video: 7344949736207781122
2025-11-17 10:55:06 - __main__ - INFO - ✅ [132/450] Sent video: 7328272627217353986
2025-11-17 10:55:07 - __main__ - INFO - ✅ [133/450] Sent video: 7488567422841130295
2025-11-17 10:55:08 - __main__ - INFO - ✅ [134/450] Sent video: 7572155742514384149
2025-11-17 10:55:09 - __main__ - INFO - ✅ [135/450] Sent video: 7305403338655419666
2025-11-17 10:55:10 - __main__ - INFO - ✅ [136/450] Sent video: 7483484748002626834
2025-11-17 10:55:11 - __main__ - INFO - ✅ [137/450] Sent video: 7535751114130509064
2025-11-17 10:55:12 - __main__ - INFO - ✅ [138/450] Sent video: 7557569945786223890
2025-11-17 10:55:13 - __main__ - INFO - ✅ [139/450] Sent video: 7319039997892513026
2025-11-17 10:55:14 - __main__ - INFO - ✅ [140/450] Sent video: 7567361673862909204
2025-11-17 10:55:15 - __main__ - INFO - ✅ [141/450] Sent video: 7551440345779817736
2025-11-17 10:55:16 - __main__ - INFO - ✅ [142/450] Sent video: 7566925802470870293
2025-11-17 10:55:17 - __main__ - INFO - ✅ [143/450] Sent video: 7538464040679443730
2025-11-17 10:55:18 - __main__ - INFO - ✅ [144/450] Sent video: 7554240445149187335
2025-11-17 10:55:19 - __main__ - INFO - ✅ [145/450] Sent video: 7572449222201462023
2025-11-17 10:55:20 - __main__ - INFO - ✅ [146/450] Sent video: 7544974406100077832
2025-11-17 10:55:21 - __main__ - INFO - ✅ [147/450] Sent video: 7373876934750539026
2025-11-17 10:55:22 - __main__ - INFO - ✅ [148/450] Sent video: 7492017976347069704
2025-11-17 10:55:23 - __main__ - INFO - ✅ [149/450] Sent video: 7518228767450483975
2025-11-17 10:55:24 - __main__ - INFO - ✅ [150/450] Sent video: 7565448018745511186
2025-11-17 10:55:25 - __main__ - INFO - ✅ [151/450] Sent video: 7388786167828761873
2025-11-17 10:55:26 - __main__ - INFO - ✅ [152/450] Sent video: 7564638355883871509
2025-11-17 10:55:27 - __main__ - INFO - ✅ [153/450] Sent video: 7533572832928730376
2025-11-17 10:55:28 - __main__ - INFO - ✅ [154/450] Sent video: 7430436164240461064
2025-11-17 10:55:29 - __main__ - INFO - ✅ [155/450] Sent video: 7457074641106898184
2025-11-17 10:55:30 - __main__ - INFO - ✅ [156/450] Sent video: 7342730199882075410
2025-11-17 10:55:31 - __main__ - INFO - ✅ [157/450] Sent video: 7557766190664355080
2025-11-17 10:55:32 - __main__ - INFO - ✅ [158/450] Sent video: 7567407789287427346
2025-11-17 10:55:33 - __main__ - INFO - ✅ [159/450] Sent video: 7474143709924281608
2025-11-17 10:55:34 - __main__ - INFO - ✅ [160/450] Sent video: 7565166603822746888
2025-11-17 10:55:35 - __main__ - INFO - ✅ [161/450] Sent video: 7542425219173043463
2025-11-17 10:55:36 - __main__ - INFO - ✅ [162/450] Sent video: 7537526839707733256
2025-11-17 10:55:37 - __main__ - INFO - ✅ [163/450] Sent video: 7559760897338559751
2025-11-17 10:55:38 - __main__ - INFO - ✅ [164/450] Sent video: 7486756939578330375
2025-11-17 10:55:39 - __main__ - INFO - ✅ [165/450] Sent video: 7561447690647637268
2025-11-17 10:55:40 - __main__ - INFO - ✅ [166/450] Sent video: 7560598698934242567
2025-11-17 10:55:41 - __main__ - INFO - ✅ [167/450] Sent video: 7475650391032581384
2025-11-17 10:55:42 - __main__ - INFO - ✅ [168/450] Sent video: 7572097950973775112
2025-11-17 10:55:43 - __main__ - INFO - ✅ [169/450] Sent video: 7571567804604828941
2025-11-17 10:55:44 - __main__ - INFO - ✅ [170/450] Sent video: 7571822390783626514
2025-11-17 10:55:45 - __main__ - INFO - ✅ [171/450] Sent video: 7350688061442805013
2025-11-17 10:55:46 - __main__ - INFO - ✅ [172/450] Sent video: 7497082995862408449
2025-11-17 10:55:47 - __main__ - INFO - ✅ [173/450] Sent video: 7571347332638264577
2025-11-17 10:55:48 - __main__ - INFO - ✅ [174/450] Sent video: 7559033570702953736
2025-11-17 10:55:49 - __main__ - INFO - ✅ [175/450] Sent video: 7477209680104672532
2025-11-17 10:55:50 - __main__ - INFO - ✅ [176/450] Sent video: 7388580719611743506
2025-11-17 10:55:51 - __main__ - INFO - ✅ [177/450] Sent video: 7323432404767608066
2025-11-17 10:55:52 - __main__ - INFO - ✅ [178/450] Sent video: 7368069217192611079
2025-11-17 10:55:53 - __main__ - INFO - ✅ [179/450] Sent video: 7488740751149468934
2025-11-17 10:55:54 - __main__ - INFO - ✅ [180/450] Sent video: 7572543310208830738
2025-11-17 10:55:55 - __main__ - INFO - ✅ [181/450] Sent video: 7571431806856154386
2025-11-17 10:55:56 - __main__ - INFO - ✅ [182/450] Sent video: 7551763376251161874
2025-11-17 10:55:57 - __main__ - INFO - ✅ [183/450] Sent video: 7554961221632478482
2025-11-17 10:55:58 - __main__ - INFO - ✅ [184/450] Sent video: 7540591529388264712
2025-11-17 10:55:59 - __main__ - INFO - ✅ [185/450] Sent video: 7456759133312699649
2025-11-17 10:56:00 - __main__ - INFO - ✅ [186/450] Sent video: 7398870455051996424
2025-11-17 10:56:01 - __main__ - INFO - ✅ [187/450] Sent video: 7545305865683832072
2025-11-17 10:56:02 - __main__ - INFO - ✅ [188/450] Sent video: 7570583922782768391
2025-11-17 10:56:03 - __main__ - INFO - ✅ [189/450] Sent video: 7509456463450868999
2025-11-17 10:56:04 - __main__ - INFO - ✅ [190/450] Sent video: 7534556643145616658
2025-11-17 10:56:05 - __main__ - INFO - ✅ [191/450] Sent video: 7352886839939730705
2025-11-17 10:56:06 - __main__ - INFO - ✅ [192/450] Sent video: 7487132599148743942
2025-11-17 10:56:07 - __main__ - INFO - ✅ [193/450] Sent video: 7563145482592079121
2025-11-17 10:56:08 - __main__ - INFO - ✅ [194/450] Sent video: 7460798042250185991
2025-11-17 10:56:09 - __main__ - INFO - ✅ [195/450] Sent video: 7346640501606599938
2025-11-17 10:56:10 - __main__ - INFO - ✅ [196/450] Sent video: 7530269741957680391
2025-11-17 10:56:11 - __main__ - INFO - ✅ [197/450] Sent video: 7535262925481725191
2025-11-17 10:56:12 - __main__ - INFO - ✅ [198/450] Sent video: 7543222137792810248
2025-11-17 10:56:13 - __main__ - INFO - ✅ [199/450] Sent video: 7531209154522877192
2025-11-17 10:56:14 - __main__ - INFO - ✅ [200/450] Sent video: 7562392757227195661
2025-11-17 10:56:15 - __main__ - INFO - ✅ [201/450] Sent video: 7479729666471824656
2025-11-17 10:56:16 - __main__ - INFO - ✅ [202/450] Sent video: 7541025670290361618
2025-11-17 10:56:17 - __main__ - INFO - ✅ [203/450] Sent video: 7568862586918259986
2025-11-17 10:56:18 - __main__ - INFO - ✅ [204/450] Sent video: 7567282488695999751
2025-11-17 10:56:19 - __main__ - INFO - ✅ [205/450] Sent video: 7527566473565424903
2025-11-17 10:56:20 - __main__ - INFO - ✅ [206/450] Sent video: 7523952720466824466
2025-11-17 10:56:21 - __main__ - INFO - ✅ [207/450] Sent video: 7560164652663983361
2025-11-17 10:56:22 - __main__ - INFO - ✅ [208/450] Sent video: 7570559983914421511
2025-11-17 10:56:23 - __main__ - INFO - ✅ [209/450] Sent video: 7566044941630164255
2025-11-17 10:56:24 - __main__ - INFO - ✅ [210/450] Sent video: 7535262925481725191
2025-11-17 10:56:25 - __main__ - INFO - ✅ [211/450] Sent video: 7526401568158141703
2025-11-17 10:56:26 - __main__ - INFO - ✅ [212/450] Sent video: 7493496239397391623
2025-11-17 10:56:27 - __main__ - INFO - ✅ [213/450] Sent video: 7544608734463446279
2025-11-17 10:56:28 - __main__ - INFO - ✅ [214/450] Sent video: 7555388117931412744
2025-11-17 10:56:29 - __main__ - INFO - ✅ [215/450] Sent video: 7531198366949100818
2025-11-17 10:56:30 - __main__ - INFO - ✅ [216/450] Sent video: 7573497198059523348
2025-11-17 10:56:31 - __main__ - INFO - ✅ [217/450] Sent video: 7526545277256224008
2025-11-17 10:56:32 - __main__ - INFO - ✅ [218/450] Sent video: 7489070006907669815
2025-11-17 10:56:33 - __main__ - INFO - ✅ [219/450] Sent video: 7570947828856442130
2025-11-17 10:56:34 - __main__ - INFO - ✅ [220/450] Sent video: 7568113686045461780
2025-11-17 10:56:35 - __main__ - INFO - ✅ [221/450] Sent video: 7525393516734795026
2025-11-17 10:56:36 - __main__ - INFO - ✅ [222/450] Sent video: 7486426817029541127
2025-11-17 10:56:37 - __main__ - INFO - ✅ [223/450] Sent video: 7538764659583733000
2025-11-17 10:56:38 - __main__ - INFO - ✅ [224/450] Sent video: 7538464040679443730
2025-11-17 10:56:39 - __main__ - INFO - ✅ [225/450] Sent video: 7491939865081285895
2025-11-17 10:56:40 - __main__ - INFO - ✅ [226/450] Sent video: 7505773016282860821
2025-11-17 10:56:41 - __main__ - INFO - ✅ [227/450] Sent video: 7563712007279594773
2025-11-17 10:56:42 - __main__ - INFO - ✅ [228/450] Sent video: 7568113686045461780
2025-11-17 10:56:43 - __main__ - INFO - ✅ [229/450] Sent video: 7430271060022463762
2025-11-17 10:56:44 - __main__ - INFO - ✅ [230/450] Sent video: 7305403338655419666
2025-11-17 10:56:45 - __main__ - INFO - ✅ [231/450] Sent video: 7483484748002626834
2025-11-17 10:56:46 - __main__ - INFO - ✅ [232/450] Sent video: 7567361673862909204
2025-11-17 10:56:47 - __main__ - INFO - ✅ [233/450] Sent video: 7384758634321841426
2025-11-17 10:56:48 - __main__ - INFO - ✅ [234/450] Sent video: 7392076680120028423
2025-11-17 10:56:49 - __main__ - INFO - ✅ [235/450] Sent video: 7192576418872659226
2025-11-17 10:56:50 - __main__ - INFO - ✅ [236/450] Sent video: 7498761849207295240
2025-11-17 10:56:51 - __main__ - INFO - ✅ [237/450] Sent video: 7539830197495926023
2025-11-17 10:56:52 - __main__ - INFO - ✅ [238/450] Sent video: 7345079587459681544
2025-11-17 10:56:53 - __main__ - INFO - ✅ [239/450] Sent video: 7417693541566123282
2025-11-17 10:56:54 - __main__ - INFO - ✅ [240/450] Sent video: 7270862224737045766
2025-11-17 10:56:55 - __main__ - INFO - ✅ [241/450] Sent video: 7245957801699282182
2025-11-17 10:56:56 - __main__ - INFO - ✅ [242/450] Sent video: 7535751114130509064
2025-11-17 10:56:57 - __main__ - INFO - ✅ [243/450] Sent video: 7490412963308784901
2025-11-17 10:56:58 - __main__ - INFO - ✅ [244/450] Sent video: 7384749296077393170
2025-11-17 10:56:59 - __main__ - INFO - ✅ [245/450] Sent video: 7466768874990587154
2025-11-17 10:57:00 - __main__ - INFO - ✅ [246/450] Sent video: 7483863842766753031
2025-11-17 10:57:01 - __main__ - INFO - ✅ [247/450] Sent video: 7386893021847014674
2025-11-17 10:57:02 - __main__ - INFO - ✅ [248/450] Sent video: 7384048905526316295
2025-11-17 10:57:03 - __main__ - INFO - ✅ [249/450] Sent video: 7517486689661553927
2025-11-17 10:57:04 - __main__ - INFO - ✅ [250/450] Sent video: 7490154795362192645
2025-11-17 10:57:05 - __main__ - INFO - ✅ [251/450] Sent video: 7434120651490823479
2025-11-17 10:57:06 - __main__ - INFO - ✅ [252/450] Sent video: 7474690188585848072
2025-11-17 10:57:07 - __main__ - INFO - ✅ [253/450] Sent video: 7426357709991054600
2025-11-17 10:57:08 - __main__ - INFO - ✅ [254/450] Sent video: 7553633057673104658
2025-11-17 10:57:09 - __main__ - INFO - ✅ [255/450] Sent video: 7541263237438819592
2025-11-17 10:57:10 - __main__ - INFO - ✅ [256/450] Sent video: 7549955927579954450
2025-11-17 10:57:11 - __main__ - INFO - ✅ [257/450] Sent video: 7348030641746775303
2025-11-17 10:57:12 - __main__ - INFO - ✅ [258/450] Sent video: 7354568894448782599
2025-11-17 10:57:13 - __main__ - INFO - ✅ [259/450] Sent video: 7491577589836893448
2025-11-17 10:57:14 - __main__ - INFO - ✅ [260/450] Sent video: 7424512921650122002
2025-11-17 10:57:15 - __main__ - INFO - ✅ [261/450] Sent video: 7565189670867406088
2025-11-17 10:57:16 - __main__ - INFO - ✅ [262/450] Sent video: 7517485342736305415
2025-11-17 10:57:17 - __main__ - INFO - ✅ [263/450] Sent video: 7554974345928379666
2025-11-17 10:57:18 - __main__ - INFO - ✅ [264/450] Sent video: 7567558579784387848
2025-11-17 10:57:19 - __main__ - INFO - ✅ [265/450] Sent video: 7553037645194988807
2025-11-17 10:57:20 - __main__ - INFO - ✅ [266/450] Sent video: 7482389320192511239
2025-11-17 10:57:21 - __main__ - INFO - ✅ [267/450] Sent video: 7572559155064540437
2025-11-17 10:57:22 - __main__ - INFO - ✅ [268/450] Sent video: 7572086636712856853
2025-11-17 10:57:23 - __main__ - INFO - ✅ [269/450] Sent video: 7566494035431525652
2025-11-17 10:57:24 - __main__ - INFO - ✅ [270/450] Sent video: 7555653910283799826
2025-11-17 10:57:25 - __main__ - INFO - ✅ [271/450] Sent video: 7487849194049309958
2025-11-17 10:57:26 - __main__ - INFO - ✅ [272/450] Sent video: 7537317096716291335
2025-11-17 10:57:27 - __main__ - INFO - ✅ [273/450] Sent video: 7563877537894468871
2025-11-17 10:57:28 - __main__ - INFO - ✅ [274/450] Sent video: 7573196688345681172
2025-11-17 10:57:29 - __main__ - INFO - ✅ [275/450] Sent video: 7566586846470212885
2025-11-17 10:57:30 - __main__ - INFO - ✅ [276/450] Sent video: 7095449168591736070
2025-11-17 10:57:31 - __main__ - INFO - ✅ [277/450] Sent video: 7379989189493820705
2025-11-17 10:57:32 - __main__ - INFO - ✅ [278/450] Sent video: 7492056159726193927
2025-11-17 10:57:33 - __main__ - INFO - ✅ [279/450] Sent video: 7271604175241317637
2025-11-17 10:57:34 - __main__ - INFO - ✅ [280/450] Sent video: 7569233893665066260
2025-11-17 10:57:35 - __main__ - INFO - ✅ [281/450] Sent video: 7564385456847162632
2025-11-17 10:57:36 - __main__ - INFO - ✅ [282/450] Sent video: 7567706350042533138
2025-11-17 10:57:37 - __main__ - INFO - ✅ [283/450] Sent video: 7539850653481340168
2025-11-17 10:57:38 - __main__ - INFO - ✅ [284/450] Sent video: 7470549030733384961
2025-11-17 10:57:39 - __main__ - INFO - ✅ [285/450] Sent video: 7211459157755432197
2025-11-17 10:57:40 - __main__ - INFO - ✅ [286/450] Sent video: 7572839367257967890
2025-11-17 10:57:41 - __main__ - INFO - ✅ [287/450] Sent video: 7452169112450682130
2025-11-17 10:57:42 - __main__ - INFO - ✅ [288/450] Sent video: 7344360015504952584
2025-11-17 10:57:43 - __main__ - INFO - ✅ [289/450] Sent video: 7521007839737941255
2025-11-17 10:57:44 - __main__ - INFO - ✅ [290/450] Sent video: 7489070006907669815
2025-11-17 10:57:45 - __main__ - INFO - ✅ [291/450] Sent video: 7429498821509467410
2025-11-17 10:57:46 - __main__ - INFO - ✅ [292/450] Sent video: 7531006830001278216
2025-11-17 10:57:47 - __main__ - INFO - ✅ [293/450] Sent video: 7548709105955802375
2025-11-17 10:57:48 - __main__ - INFO - ✅ [294/450] Sent video: 7489865818017156407
2025-11-17 10:57:49 - __main__ - INFO - ✅ [295/450] Sent video: 7554783144726088968
2025-11-17 10:57:50 - __main__ - INFO - ✅ [296/450] Sent video: 7482589672154123538
2025-11-17 10:57:51 - __main__ - INFO - ✅ [297/450] Sent video: 7474988125782117650
2025-11-17 10:57:52 - __main__ - INFO - ✅ [298/450] Sent video: 7561438945939098898
2025-11-17 10:57:53 - __main__ - INFO - ✅ [299/450] Sent video: 7474239127173598484
2025-11-17 10:57:54 - __main__ - INFO - ✅ [300/450] Sent video: 7571841864777682184
2025-11-17 10:57:55 - __main__ - INFO - ✅ [301/450] Sent video: 7572002103376350472
2025-11-17 10:57:56 - __main__ - INFO - ✅ [302/450] Sent video: 7491129660131085586
2025-11-17 10:57:57 - __main__ - INFO - ✅ [303/450] Sent video: 7143054924765564187
2025-11-17 10:57:58 - __main__ - INFO - ✅ [304/450] Sent video: 7398448663883762962
2025-11-17 10:57:59 - __main__ - INFO - ✅ [305/450] Sent video: 7460494375802457351
2025-11-17 10:58:00 - __main__ - INFO - ✅ [306/450] Sent video: 7572314685542763790
2025-11-17 10:58:01 - __main__ - INFO - ✅ [307/450] Sent video: 7570872460363451703
2025-11-17 10:58:02 - __main__ - INFO - ✅ [308/450] Sent video: 7517987551953669394
2025-11-17 10:58:03 - __main__ - INFO - ✅ [309/450] Sent video: 7573290545376775479
2025-11-17 10:58:04 - __main__ - INFO - ✅ [310/450] Sent video: 7558506769388031239
2025-11-17 10:58:05 - __main__ - INFO - ✅ [311/450] Sent video: 7416011643827604754
2025-11-17 10:58:06 - __main__ - INFO - ✅ [312/450] Sent video: 7499320513047661841
2025-11-17 10:58:07 - __main__ - INFO - ✅ [313/450] Sent video: 7572351389259533582
2025-11-17 10:58:08 - __main__ - INFO - ✅ [314/450] Sent video: 7284412938130066689
2025-11-17 10:58:09 - __main__ - INFO - ✅ [315/450] Sent video: 7510132182703295751
2025-11-17 10:58:10 - __main__ - INFO - ✅ [316/450] Sent video: 7531401252521905426
2025-11-17 10:58:11 - __main__ - INFO - ✅ [317/450] Sent video: 7572176796150402321
2025-11-17 10:58:12 - __main__ - INFO - ✅ [318/450] Sent video: 7554746442154298631
2025-11-17 10:58:13 - __main__ - INFO - ✅ [319/450] Sent video: 7456721750416461063
2025-11-17 10:58:14 - __main__ - INFO - ✅ [320/450] Sent video: 7383882416638741761
2025-11-17 10:58:15 - __main__ - INFO - ✅ [321/450] Sent video: 7549167804872658183
2025-11-17 10:58:16 - __main__ - INFO - ✅ [322/450] Sent video: 7365748993982270737
2025-11-17 10:58:17 - __main__ - INFO - ✅ [323/450] Sent video: 7323529413352787202
2025-11-17 10:58:18 - __main__ - INFO - ✅ [324/450] Sent video: 7557250947706047762
2025-11-17 10:58:19 - __main__ - INFO - ✅ [325/450] Sent video: 7066622089373011227
2025-11-17 10:58:20 - __main__ - INFO - ✅ [326/450] Sent video: 7520208918685961479
2025-11-17 10:58:21 - __main__ - INFO - ✅ [327/450] Sent video: 7521965602840251655
2025-11-17 10:58:22 - __main__ - INFO - ✅ [328/450] Sent video: 7233753429418577158
2025-11-17 10:58:23 - __main__ - INFO - ✅ [329/450] Sent video: 7485212452758605064
2025-11-17 10:58:24 - __main__ - INFO - ✅ [330/450] Sent video: 7340641688802741505
2025-11-17 10:58:25 - __main__ - INFO - ✅ [331/450] Sent video: 7402437494064647441
2025-11-17 10:58:26 - __main__ - INFO - ✅ [332/450] Sent video: 7208804127059627291
2025-11-17 10:58:27 - __main__ - INFO - ✅ [333/450] Sent video: 7376867989510966536
2025-11-17 10:58:28 - __main__ - INFO - ✅ [334/450] Sent video: 7351048068227288327
2025-11-17 10:58:29 - __main__ - INFO - ✅ [335/450] Sent video: 7461977472251497735
2025-11-17 10:58:30 - __main__ - INFO - ✅ [336/450] Sent video: 7387028309017709845
2025-11-17 10:58:31 - __main__ - INFO - ✅ [337/450] Sent video: 7555425882081332498
2025-11-17 10:58:32 - __main__ - INFO - ✅ [338/450] Sent video: 7384758634321841426
2025-11-17 10:58:33 - __main__ - INFO - ✅ [339/450] Sent video: 7339767964108868871
2025-11-17 10:58:34 - __main__ - INFO - ✅ [340/450] Sent video: 6697921844952976645
2025-11-17 10:58:35 - __main__ - INFO - ✅ [341/450] Sent video: 7565912986427084052
2025-11-17 10:58:36 - __main__ - INFO - ✅ [342/450] Sent video: 7558109132474043665
2025-11-17 10:58:37 - __main__ - INFO - ✅ [343/450] Sent video: 7301175869324758280
2025-11-17 10:58:38 - __main__ - INFO - ✅ [344/450] Sent video: 7216506204405648667
2025-11-17 10:58:39 - __main__ - INFO - ✅ [345/450] Sent video: 7353952218166480135
2025-11-17 10:58:40 - __main__ - INFO - ✅ [346/450] Sent video: 7513046080397872400
2025-11-17 10:58:41 - __main__ - INFO - ✅ [347/450] Sent video: 7423207848353533202
2025-11-17 10:58:42 - __main__ - INFO - ✅ [348/450] Sent video: 7517591277005769991
2025-11-17 10:58:43 - __main__ - INFO - ✅ [349/450] Sent video: 7543627207625739538
2025-11-17 10:58:44 - __main__ - INFO - ✅ [350/450] Sent video: 7560645441432341767
2025-11-17 10:58:45 - __main__ - INFO - ✅ [351/450] Sent video: 7549935845403479303
2025-11-17 10:58:46 - __main__ - INFO - ✅ [352/450] Sent video: 7529402541247827208
2025-11-17 10:58:47 - __main__ - INFO - ✅ [353/450] Sent video: 7222634725607886106
2025-11-17 10:58:48 - __main__ - INFO - ✅ [354/450] Sent video: 7571823656075054344
2025-11-17 10:58:49 - __main__ - INFO - ✅ [355/450] Sent video: 7527227924831816978
2025-11-17 10:58:50 - __main__ - INFO - ✅ [356/450] Sent video: 7547707185803840786
2025-11-17 10:58:51 - __main__ - INFO - ✅ [357/450] Sent video: 7439258256578465032
2025-11-17 10:58:52 - __main__ - INFO - ✅ [358/450] Sent video: 7515625830110792968
2025-11-17 10:58:53 - __main__ - INFO - ✅ [359/450] Sent video: 7541039032566877458
2025-11-17 10:58:54 - __main__ - INFO - ✅ [360/450] Sent video: 7573321046040890642
2025-11-17 10:58:55 - __main__ - INFO - ✅ [361/450] Sent video: 7297626707287231750
2025-11-17 10:58:56 - __main__ - INFO - ✅ [362/450] Sent video: 7471996329997110550
2025-11-17 10:58:57 - __main__ - INFO - ✅ [363/450] Sent video: 7549527131773095186
2025-11-17 10:58:58 - __main__ - INFO - ✅ [364/450] Sent video: 7535801802466381064
2025-11-17 10:58:59 - __main__ - INFO - ✅ [365/450] Sent video: 7445224588763516168
2025-11-17 10:59:00 - __main__ - INFO - ✅ [366/450] Sent video: 7461487196260863240
2025-11-17 10:59:01 - __main__ - INFO - ✅ [367/450] Sent video: 7527541390448856328
2025-11-17 10:59:02 - __main__ - INFO - ✅ [368/450] Sent video: 7444163446305869064
2025-11-17 10:59:03 - __main__ - INFO - ✅ [369/450] Sent video: 7211032857492409626
2025-11-17 10:59:04 - __main__ - INFO - ✅ [370/450] Sent video: 7448961051560824069
2025-11-17 10:59:05 - __main__ - INFO - ✅ [371/450] Sent video: 7453826074569395463
2025-11-17 10:59:06 - __main__ - INFO - ✅ [372/450] Sent video: 7361038130301897991
2025-11-17 10:59:07 - __main__ - INFO - ✅ [373/450] Sent video: 7289648594846534919
2025-11-17 10:59:08 - __main__ - INFO - ✅ [374/450] Sent video: 7528642559250402561
2025-11-17 10:59:09 - __main__ - INFO - ✅ [375/450] Sent video: 7257146715919158533
2025-11-17 10:59:10 - __main__ - INFO - ✅ [376/450] Sent video: 7463680875226467592
2025-11-17 10:59:11 - __main__ - INFO - ✅ [377/450] Sent video: 7550658346299477265
2025-11-17 10:59:12 - __main__ - INFO - ✅ [378/450] Sent video: 7547770228285918482
2025-11-17 10:59:13 - __main__ - INFO - ✅ [379/450] Sent video: 7555454041694752007
2025-11-17 10:59:14 - __main__ - INFO - ✅ [380/450] Sent video: 7572563032086187284
2025-11-17 10:59:15 - __main__ - INFO - ✅ [381/450] Sent video: 7449021457771924744
2025-11-17 10:59:16 - __main__ - INFO - ✅ [382/450] Sent video: 7522745336801037569
2025-11-17 10:59:17 - __main__ - INFO - ✅ [383/450] Sent video: 7349386612926647554
2025-11-17 10:59:18 - __main__ - INFO - ✅ [384/450] Sent video: 7093186453445954843
2025-11-17 10:59:19 - __main__ - INFO - ✅ [385/450] Sent video: 7573339930282167559
2025-11-17 10:59:20 - __main__ - INFO - ✅ [386/450] Sent video: 7490101889720208646
2025-11-17 10:59:21 - __main__ - INFO - ✅ [387/450] Sent video: 7570283739054394644
2025-11-17 10:59:22 - __main__ - INFO - ✅ [388/450] Sent video: 7540512174750387477
2025-11-17 10:59:23 - __main__ - INFO - ✅ [389/450] Sent video: 7479113998839926024
2025-11-17 10:59:24 - __main__ - INFO - ✅ [390/450] Sent video: 6943672749990661382
2025-11-17 10:59:25 - __main__ - INFO - ✅ [391/450] Sent video: 7487947029583318277
2025-11-17 10:59:26 - __main__ - INFO - ✅ [392/450] Sent video: 7569838960659238152
2025-11-17 10:59:27 - __main__ - INFO - ✅ [393/450] Sent video: 7516160779687693575
2025-11-17 10:59:28 - __main__ - INFO - ✅ [394/450] Sent video: 7481873724287847700
2025-11-17 10:59:29 - __main__ - INFO - ✅ [395/450] Sent video: 7564025842112679176
2025-11-17 10:59:30 - __main__ - INFO - ✅ [396/450] Sent video: 7476812401279634695
2025-11-17 10:59:31 - __main__ - INFO - ✅ [397/450] Sent video: 7360196481673989392
2025-11-17 10:59:32 - __main__ - INFO - ✅ [398/450] Sent video: 7258651963452165381
2025-11-17 10:59:33 - __main__ - INFO - ✅ [399/450] Sent video: 7571416215936060679
2025-11-17 10:59:34 - __main__ - INFO - ✅ [400/450] Sent video: 7569068199891815687
2025-11-17 10:59:35 - __main__ - INFO - ✅ [401/450] Sent video: 7167646432986451202
2025-11-17 10:59:36 - __main__ - INFO - ✅ [402/450] Sent video: 7556984041212235015
2025-11-17 10:59:37 - __main__ - INFO - ✅ [403/450] Sent video: 7531382422890482951
2025-11-17 10:59:38 - __main__ - INFO - ✅ [404/450] Sent video: 7495620276697173256
2025-11-17 10:59:39 - __main__ - INFO - ✅ [405/450] Sent video: 7379996633703976209
2025-11-17 10:59:40 - __main__ - INFO - ✅ [406/450] Sent video: 7435954912397167890
2025-11-17 10:59:41 - __main__ - INFO - ✅ [407/450] Sent video: 7558443079703858440
2025-11-17 10:59:42 - __main__ - INFO - ✅ [408/450] Sent video: 7021924014914374938
2025-11-17 10:59:43 - __main__ - INFO - ✅ [409/450] Sent video: 7455638970572131591
2025-11-17 10:59:44 - __main__ - INFO - ✅ [410/450] Sent video: 7573305983057825032
2025-11-17 10:59:45 - __main__ - INFO - ✅ [411/450] Sent video: 7573235306502180117
2025-11-17 10:59:46 - __main__ - INFO - ✅ [412/450] Sent video: 7573287266261519624
2025-11-17 10:59:47 - __main__ - INFO - ✅ [413/450] Sent video: 7555505828585901320
2025-11-17 10:59:48 - __main__ - INFO - ✅ [414/450] Sent video: 7458504032647171346
2025-11-17 10:59:49 - __main__ - INFO - ✅ [415/450] Sent video: 7567221461660749077
2025-11-17 10:59:50 - __main__ - INFO - ✅ [416/450] Sent video: 7562942834894982422
2025-11-17 10:59:51 - __main__ - INFO - ✅ [417/450] Sent video: 7564678303009803542
2025-11-17 10:59:52 - __main__ - INFO - ✅ [418/450] Sent video: 7566860880835628295
2025-11-17 10:59:53 - __main__ - INFO - ✅ [419/450] Sent video: 7546191483679051015
2025-11-17 10:59:54 - __main__ - INFO - ✅ [420/450] Sent video: 7566972858245729552
2025-11-17 10:59:55 - __main__ - INFO - ✅ [421/450] Sent video: 7333530344450313479
2025-11-17 10:59:56 - __main__ - INFO - ✅ [422/450] Sent video: 7324188803269217537
2025-11-17 10:59:57 - __main__ - INFO - ✅ [423/450] Sent video: 7357349268388154644
2025-11-17 10:59:58 - __main__ - INFO - ✅ [424/450] Sent video: 7533620266866380050
2025-11-17 10:59:59 - __main__ - INFO - ✅ [425/450] Sent video: 7337307163401964802
2025-11-17 11:00:00 - __main__ - INFO - ✅ [426/450] Sent video: 7572469488868740373
2025-11-17 11:00:01 - __main__ - INFO - ✅ [427/450] Sent video: 7519882382208453895
2025-11-17 11:00:02 - __main__ - INFO - ✅ [428/450] Sent video: 7564220042242444551
2025-11-17 11:00:03 - __main__ - INFO - ✅ [429/450] Sent video: 7268516065007783174
2025-11-17 11:00:04 - __main__ - INFO - ✅ [430/450] Sent video: 7559080088701095186
2025-11-17 11:00:05 - __main__ - INFO - ✅ [431/450] Sent video: 7562186606417988872
2025-11-17 11:00:06 - __main__ - INFO - ✅ [432/450] Sent video: 7563273959379291412
2025-11-17 11:00:07 - __main__ - INFO - ✅ [433/450] Sent video: 7452404633349164310
2025-11-17 11:00:08 - __main__ - INFO - ✅ [434/450] Sent video: 7554780418441104647
2025-11-17 11:00:09 - __main__ - INFO - ✅ [435/450] Sent video: 7562654424343039254
2025-11-17 11:00:10 - __main__ - INFO - ✅ [436/450] Sent video: 7558105140402654471
2025-11-17 11:00:11 - __main__ - INFO - ✅ [437/450] Sent video: 7565919082797649173
2025-11-17 11:00:12 - __main__ - INFO - ✅ [438/450] Sent video: 7497822433584663854
2025-11-17 11:00:13 - __main__ - INFO - ✅ [439/450] Sent video: 7175819743964794139
2025-11-17 11:00:14 - __main__ - INFO - ✅ [440/450] Sent video: 7201702452758842651
2025-11-17 11:00:15 - __main__ - INFO - ✅ [441/450] Sent video: 7535528365504220423
2025-11-17 11:00:16 - __main__ - INFO - ✅ [442/450] Sent video: 7571443203207990535
2025-11-17 11:00:17 - __main__ - INFO - ✅ [443/450] Sent video: 7470190190347210001
2025-11-17 11:00:18 - __main__ - INFO - ✅ [444/450] Sent video: 7304334128516795681
2025-11-17 11:00:19 - __main__ - INFO - ✅ [445/450] Sent video: 7221201413248994603
2025-11-17 11:00:20 - __main__ - INFO - ✅ [446/450] Sent video: 7374492734234594568
2025-11-17 11:00:21 - __main__ - INFO - ✅ [447/450] Sent video: 7571835349891304725
2025-11-17 11:00:22 - __main__ - INFO - ✅ [448/450] Sent video: 7482240250207653136
2025-11-17 11:00:23 - __main__ - INFO - ✅ [449/450] Sent video: 7492779499646356758
2025-11-17 11:00:24 - __main__ - INFO - ✅ [450/450] Sent video: 7367077438171450630
2025-11-17 11:00:24 - __main__ - INFO - ============================================================
2025-11-17 11:00:24 - __main__ - INFO - 🎉 COMPLETED: 450/450 videos sent successfully
2025-11-17 11:00:24 - __main__ - INFO - ============================================================
2025-11-17 11:00:24 - clients.kafka_client - INFO - Flushing remaining messages and closing Kafka producer...
2025-11-17 11:00:24 - kafka.producer.kafka - INFO - <KafkaProducer client_id=kafka-python-producer-1 transactional_id=None>: Closing the Kafka producer with 9223372036.0 secs timeout.
2025-11-17 11:00:24 - kafka.conn - INFO - <BrokerConnection client_id=kafka-python-producer-1, node_id=1 host=localhost:9092 <connected> [IPv6 ('::1', 9092, 0, 0)]>: Closing connection. 
2025-11-17 11:00:24 - clients.kafka_client - INFO - Kafka producer closed successfully
